Date,Content,Comment
2023-12-24,https://boxd.it/5nEvDl,"Estaba esperando que alguien escribiera esto.

Cuando empez√≥ me record√≥ tanto a Red, White & Royal Blue... no nos pudimos haber equivocado m√°s!"
2023-12-28,https://boxd.it/5pgmcZ,"S√≠, desde hace un par de d√≠as!"
2023-12-31,https://boxd.it/507FFt,The best review I read about this movie. Powerful.
2024-01-02,https://boxd.it/5rqgDN,The Holdovers
2024-01-19,https://boxd.it/5CQWBF,Hola! Por unsoloclic.info
2024-03-09,https://boxd.it/sWrZa,"<a href=""https://boxd.it/5960Dv"">Only You (2018)</a>. Please!"
2024-03-13,https://boxd.it/Bq7QD,"Wow, thank you for sharing this!"
2024-03-18,https://boxd.it/64CwW7,"Justo hasta el 4to cap√≠tulo me aburri√≥ un toque, pero despu√©s me fascin√≥. No s√© si realmente mejor√≥ o yo me acostumbr√© a su estilo!"
2024-03-27,https://boxd.it/5NteU7,I love the show more than the movie. It's perfect.
2024-03-27,https://boxd.it/62Fttf,"When I remember the last two episodes, I cry again, no matter how much time passes."
2024-03-30,https://boxd.it/264rod,"Wow, I love it!"
2024-03-31,https://boxd.it/97jY5,I love it!
2024-04-10,https://boxd.it/4kuGH,The best review I have read about this movie!
2024-05-18,https://boxd.it/6uqbtD,Es un pelicul√≥n poco reconocido hasta en nuestro propio pa√≠s!
2024-06-01,https://boxd.it/6muVCH,"Wow, fantastic!"
2024-07-04,https://boxd.it/6Di3Sl,YES!
2024-07-10,https://boxd.it/6PJEsr,"Adhiero completamente. Ese plano que mencionas, junto al de Hunter y Travis caminando e imit√°ndose desde veredas opuestas, me parecen po√©ticos!"
2024-07-17,https://boxd.it/6MIpbV,I'm so glad because the review was written with a lot of love. Thanks! ‚ù§Ô∏è
2024-07-17,https://boxd.it/nFLlf,Such a great review!
2024-07-17,https://boxd.it/WCpjb,The best part
2024-08-01,https://boxd.it/6TiJgd,@victoriacara ‚ù§Ô∏è‚ù§Ô∏è
2024-08-20,https://boxd.it/33VNeL,Woooow!
2024-09-14,https://boxd.it/yilJ0,"@yerayloxdd creo que la menciona Alex en el primer cap√≠tulo como ""excusa"" de por qu√© no se quiso acostar con Marifer!"
2024-09-21,https://boxd.it/6VH2Q1,Totally. Why is no one talking about Brandon Perea? üî•
2024-09-26,https://boxd.it/2aSIxR,"Wow, beautiful words! üíó"
2024-10-09,https://boxd.it/uXcKa,"Have you seen the short film ""Trunk""? That's where I met him. It's on Youtube! https://www.youtube.com/watch?v=GXrspUdyTDA&ab_channel=SelfMadeCinema%28SMC%29"
2024-10-11,https://boxd.it/uXcKa,"I'm glad you liked it, it's really cool.

Yes, when I read from the Letterboxd website I use the Chrome translator, but from the app it's impossible. It's a shame, they should incorporate that feature. Thanks anyway! üß°"
2024-10-11,https://boxd.it/7vumsr,"You're welcome, I hope this short film reaches a lot more people! üß°"
2024-10-11,https://boxd.it/uXcKa,"Wow, I'm going to test it on Android!"
2024-10-11,https://boxd.it/7vumsr,‚ù§Ô∏è‚ù§Ô∏è
2024-10-12,https://boxd.it/7wC8wz,"Coincido completamente. Todos los relatos son geniales, pero el que m√°s f√°cil se puede desencadenar en la vida cotidiana es el de Sbaraglia, por eso todos los d√≠as tenemos alg√∫n video viral en las noticias de ""relatos salvajes"" en la calle."
2024-10-26,https://boxd.it/73JxSj,"I really enjoyed the movie, but I completely agree with your review, real and respectful."
2024-10-26,https://boxd.it/75xoWv,I loved your review!
2024-10-26,https://boxd.it/5VmmrZ,I remembered this with your review and I cried again!
2024-10-26,https://boxd.it/741cHZ,N√£o li o livro mas como √© que n√£o inclu√≠ram uma frase t√£o bonita?
2024-10-26,https://boxd.it/7cX6n3,Coincido en todo!
2024-10-26,https://boxd.it/7DQF6P,I love the poster you chose üíî
2024-10-26,https://boxd.it/7DQF6P,So beautiful and touching! üíó
2024-10-27,https://boxd.it/7DLmT9,Se ten√≠a que decir y se dijo!
2024-10-30,https://boxd.it/20Wdkv,"Wow, I loved your review!"
2024-11-05,https://boxd.it/7JjvKj,Espantosa y sin sentido...
2024-11-06,https://boxd.it/2h50Vl,I loved this movie and your review.
2024-11-06,https://boxd.it/2zSiXp,"So true, I loved this movie!"
2024-11-06,https://boxd.it/2BQHot,"So true, I loved this movie!"
2024-11-13,https://boxd.it/7MN4Qh,"Muchas gracias @mjthornton por tu mensaje y comentario, ya pude solucionar el inconveniente con el link de Serializd. Nos estamos leyendo!"
2024-11-21,https://boxd.it/q9E53,Great review!
2024-11-27,https://boxd.it/7A08n3,So beautiful!
2024-11-27,https://boxd.it/7vAA3x,So beautiful! ‚ù§Ô∏è
2024-12-05,https://boxd.it/7ItvKp,So beautiful! ‚ù§Ô∏è
2024-12-11,https://boxd.it/7IyaIn,Deb√≠ leer antes que era tan triste...
2024-12-12,https://boxd.it/e1fvB,Yeeees!
2024-12-12,https://boxd.it/pxBJ,Your review is a poem too! ‚ù§Ô∏è
2024-12-12,https://boxd.it/tKa8d,I'm crying again! ‚ù§Ô∏è
2024-12-12,https://boxd.it/w6mnV,Wow ‚ù§Ô∏è
2024-12-12,https://boxd.it/1dbxlN,So true! ‚ù§Ô∏è
2024-12-12,https://boxd.it/238WL,So beautiful! ‚ù§Ô∏è
2024-12-12,https://boxd.it/x6Uwr,I'm destroyed.
2024-12-12,https://boxd.it/12Qal,So beautiful! ‚ù§Ô∏è
2024-12-12,https://boxd.it/5K08Wh,5 stars from the moment they see each other for the first time! ‚ù§Ô∏è
2024-12-12,https://boxd.it/yyNrz,‚ù§Ô∏è‚ù§Ô∏è
2024-12-12,https://boxd.it/4MLAh1,Bell√≠simas e √≠ntimas! ‚ù§Ô∏è
2024-12-13,https://boxd.it/7USPc1,En unas partecitas del di√°logo le sali√≥ el acento de la Mora! üòÇ 
2024-12-14,https://boxd.it/1SUGjv,Same here.
2024-12-15,https://boxd.it/81GlVT,"Such a beautiful words @saraflyy ‚ù§Ô∏è I really can't imagine how any of the sequels can be better than Before Sunrise... so now, I need to watch them ASAP!"
2024-12-19,https://boxd.it/5eNKTv,Volviendo a ver esta pel√≠cula record√© porque me gusta tanto el personaje de Steve Martin en Only Murders in the Building!
2024-12-20,https://boxd.it/7KvM5v,I wrote the same comparison with Beautiful Boy in my review!
2024-12-20,https://boxd.it/5DZNxL,I completely agree!
2024-12-21,https://boxd.it/81rWOF,"En el primer cap√≠tulo, cuando se menciona que a los pilotos sudamericanos los tratan de agresivos, no pod√≠a dejar de pensar en las similitudes con todo este a√±o de Colapinto..."
2024-12-21,https://boxd.it/7X4A99,"Sii, pens√© lo mismo, por qu√© siempre sonamos tan raros los argentinos en las ficciones extranjeras?"
2024-12-24,https://boxd.it/88xxod,Que serie m√°s hermosa! üíî
2024-12-24,https://boxd.it/88xxod,El √∫ltimo cap√≠tulo lo tuve que volver a ver porque la primera vez llor√© todo el tiempo.
2025-01-01,https://boxd.it/BazyQ,"So excited. <a href=""https://boxd.it/BLZqs"">Here's my list!</a>"
2025-01-03,https://boxd.it/7HNBxd,Iconic üî•
2025-01-04,https://boxd.it/8hkTOn,"Yo utilizo uscflix.net, pero creo que en Stremio est√°!"
2025-01-04,https://boxd.it/1pVhd,So beautiful! ‚ù§Ô∏è
2025-01-04,https://boxd.it/y2d83,Such a beautiful words! ‚ù§Ô∏è
2025-01-05,https://boxd.it/6wBYLV,"Yo lo vi en Youtube, pero ahora no lo encuentro, tal vez lo quitaron cuando sali√≥ la pel√≠cula!"
2025-01-05,https://boxd.it/6wBYLV,"Si lo llego a encontrar, te escribo por ac√°!"
2025-01-08,https://boxd.it/QcjN,Wow!
2025-01-08,https://boxd.it/1HtxO,"My birthday is in April, so I'll probably have to add another one to <a href=""https://boxd.it/CpW44"">the list</a>!"
2025-01-10,https://boxd.it/8nFSIf,Kyle üî•üî•
2025-01-10,https://boxd.it/8ofXXV,"Totally agree, I really enjoyed it too!"
2025-01-17,https://boxd.it/2OQPT7,"Totally agree, all of Bob's scenes took me out of the mood of the story."
2025-01-17,https://boxd.it/7SGpq5,I feel like I wrote the same thing as you in my review!
2025-01-17,https://boxd.it/8uSpEd,I love The O.C. references!
2025-01-20,https://boxd.it/7PGQxZ,What a great idea! I can't wait to read this and your other reviews. You chose a special and beautiful short film.
2025-01-25,https://boxd.it/8vSVvh,"Y cu√°ndo le canta ""I Want You""? üî•üî•"
2025-01-26,https://boxd.it/7ziHEv,I thought about that throughout the entire movie!
2025-01-27,https://boxd.it/BazyQ,"@RomStadt sorry to butt in, but can I ask you what was the 9.5 hours long film you watched?"
2025-01-27,https://boxd.it/BazyQ,"@RomStadt it sounds really interesting, but I understand that it can be overwhelming. I really didn't know about it!"
2025-01-28,https://boxd.it/BazyQ,"@RomStadt @Shane Rector I'm going to try to watch it, maybe in periods of an hour, because it sounds like a very committed piece of work with respect for the survivors. Thanks!"
2025-01-29,https://boxd.it/7pQrg1,Y de la nada lleg√≥ a los dos millones!
2025-01-31,https://boxd.it/7LNnWz,Completely agree!
2025-02-05,https://boxd.it/8aWrO3,"Wow, yes!"
2025-02-05,https://boxd.it/5ONP5J,@Mikey Film Boy Esposito Hatred can be seen reflected both in his face and in his reflection. So powerful!
2025-02-06,https://boxd.it/7r3WhT,Wonderful words! ‚ù§Ô∏è
2025-02-07,https://boxd.it/3i6nAz,"Finally, another person who loves this movie like I do!"
2025-02-07,https://boxd.it/pIViA,"It's so nice to see ""The Spectacular Now"" so high on a list. I love that movie and it sometimes gets overlooked amongst other more well-known ones!"
2025-02-08,https://boxd.it/8LbP6t,"Ya la sinopsis suena cautivante. La agregar√© a mi watchlist, gracias por la recomendaci√≥n! üî•üî•"
2025-02-12,https://boxd.it/CAdmN,So real!
2025-02-12,https://boxd.it/SGG4J,Same! üî•
2025-02-12,https://boxd.it/5F7raF,So real! üî•
2025-02-13,https://boxd.it/E4ko2,@Lynn Betts we are in our Bridget week! ‚ù§Ô∏è
2025-02-13,https://boxd.it/rx1j3,YES!
2025-02-13,https://boxd.it/E4ko2,üî•üî•
2025-02-15,https://boxd.it/4Np6PR,Muchas gracias @Frodo Smith. Qu√© te pareci√≥ la pel√≠cula?
2025-02-15,https://boxd.it/4Np6PR,Me alegro!
2025-02-19,https://boxd.it/jBbIX,Completely agree!
2025-02-21,https://boxd.it/8hkTOn,"@Starboylc ay, me encant√≥ tu rese√±a! ‚ù§Ô∏è"
2025-02-21,https://boxd.it/ap8ec,"Can I recommend you one that isn't on your list? ""Life Itself"", it's a heartbreaking story!"
2025-02-21,https://boxd.it/ap8ec,‚ù§Ô∏è‚ù§Ô∏è
2025-02-21,https://boxd.it/8E2pid,"Yes, totally agree!"
2025-02-21,https://boxd.it/8SK8cB,"Ay, me hiciste acordar cuando se me muri√≥ mi Tamagotchi! üíî"
2025-02-21,https://boxd.it/8L3lMN,I couldn't stop thinking about Revenge while watching this!
2025-02-22,https://boxd.it/15w9Rv,"I re-watched it yesterday after almost twenty years and I completely agree with all your words. I always liked it, but this time it was even better!"
2025-02-22,https://boxd.it/1jPi13,Yes! üî•üî•
2025-02-22,https://boxd.it/4qUwXx,Wow! üî•üî•
2025-02-24,https://boxd.it/7TM5JR,üëèüëè
2025-02-24,https://boxd.it/Dvwyo,I want to participate with Before Sunrise!
2025-02-25,https://boxd.it/7OxAZh,"Wow, so beautiful! ‚ù§Ô∏è"
2025-02-26,https://boxd.it/CwPfy,@Yadier Ortiz „ÉÉ amo ver c√≥mo se van completando con el correr del a√±o! ‚ù§Ô∏è
2025-02-28,https://boxd.it/8cRb7v,Now I can't stop thinking about this!
2025-02-28,https://boxd.it/835b7X,Same here!
2025-03-01,https://boxd.it/EAPSw,Voted! üî•
2025-03-03,https://boxd.it/904BvP,"<a href=""https://www.youtube.com/watch?v=4VrLQXR7mKU&ab_channel=TheNewYorker"">Aqu√≠</a>."
2025-03-04,https://boxd.it/48EBcR,Beautiful words! ‚ù§Ô∏è
2025-03-04,https://boxd.it/Dvwyo,"Thank you so much Kev for taking the time to organize it and encouraging us to participate. It's so nice to find a place where we can all interact even if we're in different parts of the world (for example, I'm writing from Argentina, so sometimes the language is a bit complicated, please excuse me if my comment is not perfect).

Congrats Sully. I'm very happy to have finished in 35th place in my second participation. I'm already looking forward to next year!"
2025-03-10,https://boxd.it/8nL3ut,Lo que sufr√≠ cuando le dio la billetera para que agarre el carnet jajajaja
2025-03-12,https://boxd.it/92AoPT,I felt the same.
2025-03-13,https://boxd.it/96yK1j,"Muchas gracias @Milton, es un pelicul√≥n desde el aspecto psicol√≥gico!"
2025-03-13,https://boxd.it/5UBZeL,"Yesterday, while I was watching the movie, I was thinking about coming here to read your review. I really enjoyed your final take on Benson's character in the spoiler section!"
2025-03-14,https://boxd.it/974xQH,@Starboylc lo que necesitaba ver una peli as√≠! üòç
2025-03-14,https://boxd.it/6WEVkn,I couldn't agree more. Love this movie!
2025-03-14,https://boxd.it/6o0bRf,Love it! ‚ù§Ô∏è
2025-03-14,https://boxd.it/41AIlb,"Oh, I'd never read your review of one of my favorite movies. I'm glad so many people enjoyed it!"
2025-03-14,https://boxd.it/41AIlb,Siempre me olvido que te puedo escribir en espa√±ol üòÇ
2025-03-16,https://boxd.it/41AIlb,La gente se ofende por tantas cosas jajajaja creo que lo mejor es escribir en la lengua con la que te sientas m√°s comodo expresando tus sentimientos y listo!
2025-03-16,https://boxd.it/50HfaV,Completely true!
2025-03-18,https://boxd.it/yUy7a,Crack! üëèüëè
2025-03-20,https://boxd.it/4FMz7N,Perfect review!
2025-03-26,https://boxd.it/gmFMX,üî•üî•
2025-03-26,https://boxd.it/2E28wz,Beautiful words!
2025-03-26,https://boxd.it/CKzH,YES to everything on the list!
2025-03-27,https://boxd.it/9eKOhV,"@ùêºùë°ùëõùëñùëêùë†023 absolutely, and I think everyone has a bit of those characters here, even Justin's cute side on 13 Reasons Why!"
2025-03-28,https://boxd.it/9eREX7,Love it! ‚ù§Ô∏è‚ù§Ô∏è
2025-03-28,https://boxd.it/9fiOKV,YES to everything about Kyle Gallner! üî•üî•
2025-03-29,https://boxd.it/9d1Muf,I felt the same!
2025-03-29,https://boxd.it/9eiK7L,"La intriga que me genera el ""conocido conductor radial con √≠nfulas intelectuales"" porque hay varios candidatos!"
2025-04-01,https://boxd.it/axMqR,This is how a movie feels! ‚ù§Ô∏è
2025-04-01,https://boxd.it/djkdT,That last paragraph really hurt! üíî
2025-04-01,https://boxd.it/5MegV3,So beautiful and pure! ‚ù§Ô∏è
2025-04-02,https://boxd.it/3tyjh9,This review felt very close to me! ‚ù§Ô∏è
2025-04-03,https://boxd.it/9fsqD7,"Wow, I loved the outfits! ‚ù§Ô∏è"
2025-04-04,https://boxd.it/9gZuPh,"Ayer, mientras escrib√≠a mi rese√±a sobre esta pel√≠cula, pensaba lo mismo. Me sent√≠a ‚Äúculpable‚Äù por calificarla con cinco estrellas mientras que a otras, consciente de que tienen un trabajo superior, les pongo menos. Y tus palabras son el resumen ideal.

A la mierda todo. Me re√≠, llor√©, pas√© dos horas hermosas frente a la pantalla, es perfecta! ‚ù§Ô∏è"
2025-04-09,https://boxd.it/Sh4z5,Wonderful words!
2025-04-16,https://boxd.it/9pXrKv,@antooth gracias bella!
2025-04-17,https://boxd.it/9pXrKv,"@Danielle wow, really? Happy birthday to you too!"
2025-04-17,https://boxd.it/9pXrKv,@Danielle It's aries season! ‚ôà ‚ôà
2025-04-17,https://boxd.it/9pXrKv,"@Rafael ""Parker!!"" Jovine muchas gracias!"
2025-04-18,https://boxd.it/9pXrKv,@Danielle you too! ‚ù§Ô∏è
2025-04-18,https://boxd.it/9qvGGh,@PAYK0 it's a connection that says more than words!
2025-04-19,https://boxd.it/9egNM9,"@andrewnotion muchas gracias, un cl√°sico total!"
2025-04-19,https://boxd.it/LhNwH,Es un pecado no ver este cl√°sico con su doblaje latino!
2025-04-19,https://boxd.it/LhNwH,No me tientes a mi tambi√©n jajajaja
2025-04-19,https://boxd.it/LhNwH,"Para la pr√≥xima, estoy!"
2025-04-21,https://boxd.it/9shCxb,"@andrewnotion me encantan, pero solo vi la primera temporada... estoy haciendo rewatch para seguir con las dem√°s!"
2025-04-21,https://boxd.it/5FohHj,@andrewnotion es mi comedia preferida desde siempre! ‚ù§Ô∏è
2025-04-29,https://boxd.it/58QOaL,This is one of my favorite movies since my childhood and I loved your review!
2025-04-30,https://boxd.it/58QOaL,"Thanks, such a beautiful thought! ‚ù§Ô∏è"
2025-05-01,https://boxd.it/9yX66b,"@Brener Gualberto gracias, me gust√≥ mucho la tuya tambi√©n, especialmente el an√°lisis sobre el final y la muerte!"
2025-05-04,https://boxd.it/9B5MkD,I think it gets worse and worse with each rewatch! üíî
2025-05-05,https://boxd.it/9wXzJN,This movie deserves more recognition than it gets. I love it!
2025-05-05,https://boxd.it/9t2DxF,"@PAYK0 yes, thanks. I'm rewatching the first season to continue with the others I've left unfinished, but I saw images of J√≠baro and I feel like I'll love it."
2025-05-08,https://boxd.it/9CJPh7,@ma1kee linda excusa para volver a verla! ‚ù§Ô∏è
2025-05-08,https://boxd.it/9zgMuR,No puedo parar de reirme con esa escena!
2025-05-12,https://boxd.it/9FoADR,"@Gabrieelüá¶üá∑ tal cual, hasta por momentos estaba enganchad√≠sima con la historia, pero por otros... verg√ºenza ajena! jajajaja"
2025-05-14,https://boxd.it/GVYgm,@Danielle my favorite since I was a teenager!
2025-05-14,https://boxd.it/iX6X,I loved this movie even more on rewatch!
2025-05-15,https://boxd.it/2ct0OR,Iconic! üî•üî•
2025-05-15,https://boxd.it/9H6j1X,@F-E-L-I-P-E üá®üá¥ ic√≥nica y traumatizante por igual! üî•
2025-05-15,https://boxd.it/8dJr75,I couldn't agree more!
2025-05-15,https://boxd.it/6VnEtf,I completely agree with your opinion about Kevin. He has one of my favorite character developments in the franchise!
2025-05-15,https://boxd.it/GVYgm,@F-E-L-I-P-E üá®üá¥ me encant√≥ tu lista de terror!
2025-05-16,https://boxd.it/9HE50p,"@F-E-L-I-P-E üá®üá¥ sii, adem√°s los cr√©ditos iniciales demuestran que realmente, en ese momento, estaba pensada para ser la √∫ltima de la saga..."
2025-05-19,https://boxd.it/9Jngbd,"@Gero salvando las obvias diferencias, es muy del estilo Black Mirror!"
2025-05-23,https://boxd.it/H3f7g,Wow! üî•üî•
2025-05-24,https://boxd.it/9Mg0Sj,"@Francinema uff, toda la escena musicalizada con Tell Me Why es üî•üî•!"
2025-05-26,https://boxd.it/6vXLmD,I watched it thanks to your reviews and I don't regret it at all!
2025-05-26,https://boxd.it/6vXLmD,Good job! hahaha
2025-05-28,https://boxd.it/9tTxKJ,Exactly my thoughts!
2025-05-29,https://boxd.it/9OMucJ,I felt the same! üíî
2025-05-29,https://boxd.it/9OMvXh,Completamente! üíî
