Date,Name,Year,Letterboxd URI
2023-09-03,Past Lives,2023,https://boxd.it/oNB8
2023-09-04,I Origins,2014,https://boxd.it/7aRM
2023-09-05,An Argentinian in New York,1998,https://boxd.it/7Hte
2023-09-07,2:37,2006,https://boxd.it/27i0
2023-09-09,Truman,2015,https://boxd.it/bocw
2023-09-10,No Hard Feelings,2023,https://boxd.it/xouu
2023-09-11,7 Boxes,2012,https://boxd.it/4byq
2023-09-12,Remember Me,2010,https://boxd.it/1zyI
2023-09-13,Miracle in Cell No. 7,2019,https://boxd.it/nFrM
2023-09-14,The Crowded Room,2023,https://boxd.it/GViY
2023-09-15,Burning Body,2023,https://boxd.it/ICuq
2023-09-16,Killer Book Club,2023,https://boxd.it/Cdmu
2023-09-17,Love at First Sight,2023,https://boxd.it/bUmS
2023-09-18,Infinity Pool,2023,https://boxd.it/oPSK
2023-09-20,18 Presents,2020,https://boxd.it/nmmo
2023-09-22,22 vs. Earth,2021,https://boxd.it/uyDA
2023-09-23,Soul,2020,https://boxd.it/ioLA
2023-09-28,30 Nights with My Ex,2022,https://boxd.it/xhEs
2023-09-30,The Wonderful Story of Henry Sugar,2023,https://boxd.it/yNyo
2023-10-01,"Red, White & Royal Blue",2023,https://boxd.it/z3iG
2023-10-02,The Disappearance of Eleanor Rigby: Him,2013,https://boxd.it/8pIs
2023-10-03,The Accused,2018,https://boxd.it/iPiU
2023-10-04,A Mother's Son,2012,https://boxd.it/bsQg
2023-10-05,The Heist of the Century,2020,https://boxd.it/mvuY
2023-10-09,The Weasel's Tale,2019,https://boxd.it/l5f2
2023-10-11,Strange Way of Life,2023,https://boxd.it/Aomw
2023-10-12,The Disappearance of Eleanor Rigby: Her,2013,https://boxd.it/8m8Q
2023-10-13,Unpregnant,2020,https://boxd.it/nrH2
2023-10-14,Bodies Bodies Bodies,2022,https://boxd.it/iRcE
2023-10-15,9 Songs,2004,https://boxd.it/702
2023-10-16,Blondi,2023,https://boxd.it/B77m
2023-10-17,Bottoms,2023,https://boxd.it/uGf2
2023-10-18,Watcher,2022,https://boxd.it/uocO
2023-10-19,The Son,2022,https://boxd.it/umm8
2023-10-20,The Girl from Uruguay,2022,https://boxd.it/xgQW
2023-10-21,Lion's Heart,2013,https://boxd.it/6BDK
2023-10-22,Adrift,2018,https://boxd.it/fdiG
2023-10-23,Doomed,2014,https://boxd.it/xmjk
2023-10-25,The Swan,2023,https://boxd.it/Is80
2023-10-27,Poison,2023,https://boxd.it/Is7Q
2023-10-28,The Wild Children,2012,https://boxd.it/3HZc
2023-10-30,Nowhere,2023,https://boxd.it/HypO
2023-11-01,Vivarium,2019,https://boxd.it/gmVE
2023-11-02,Forgive Us Our Trespasses,2022,https://boxd.it/z21u
2023-11-03,Coco,2017,https://boxd.it/bYJQ
2023-11-04,10 Things I Hate About You,1999,https://boxd.it/23AO
2023-11-05,Anita,2009,https://boxd.it/1nQq
2023-11-06,Fingernails,2023,https://boxd.it/tJ82
2023-11-08,The After,2023,https://boxd.it/Ikpi
2023-11-09,Mean Girls,2004,https://boxd.it/1VNg
2023-11-10,El castigo,2022,https://boxd.it/Cx0I
2023-11-11,Life Itself,2018,https://boxd.it/fUda
2023-11-12,Only You,2018,https://boxd.it/iAMg
2023-11-14,We Need to Talk About Kevin,2011,https://boxd.it/2pTS
2023-11-15,Purple Hearts,2022,https://boxd.it/sFiK
2023-11-16,Fair Play,2023,https://boxd.it/yirc
2023-11-17,When Evil Lurks,2023,https://boxd.it/rXBe
2023-11-19,Animal,2018,https://boxd.it/i2tu
2023-11-20,Inseparables,2016,https://boxd.it/eMfU
2023-11-21,Normal People,2020,https://boxd.it/q2VY
2023-11-24,The Lobbyist,2018,https://boxd.it/HLGS
2023-11-24,Wandering Heart,2021,https://boxd.it/rT7Y
2023-11-25,The Clan,2015,https://boxd.it/bQmO
2023-11-26,Historia de un clan,2015,https://boxd.it/vEHg
2023-11-27,The Lost Brother,2017,https://boxd.it/fWSO
2023-11-28,Boy Erased,2018,https://boxd.it/gWxe
2023-11-28,Football or Me,2017,https://boxd.it/gKFq
2023-11-28,Another Earth,2011,https://boxd.it/rRA
2023-11-28,4x4,2019,https://boxd.it/l8PC
2023-11-28,Your Son,2018,https://boxd.it/jt44
2023-11-29,The Intruder,2020,https://boxd.it/oRDi
2023-11-30,I Don't Expect Anyone to Believe Me,2023,https://boxd.it/HkLm
2023-12-01,Elena Knows,2023,https://boxd.it/zLy4
2023-12-02,"Those Who Love, Hate",2017,https://boxd.it/h2wG
2023-12-04,The Holdovers,2023,https://boxd.it/vHza
2023-12-06,The Quietude,2018,https://boxd.it/hmZo
2023-12-06,Barbie,2023,https://boxd.it/bCLK
2023-12-07,The Sleepwalkers,2019,https://boxd.it/mZOO
2023-12-08,"Love, Rosie",2014,https://boxd.it/62hE
2023-12-09,Sunstrokes,2014,https://boxd.it/95ou
2023-12-10,"River, el más grande siempre",2019,https://boxd.it/mcNM
2023-12-11,Begin Again,2013,https://boxd.it/5Ybs
2023-12-12,May December,2023,https://boxd.it/vEE2
2023-12-13,Daisy Jones & the Six,2023,https://boxd.it/FmyA
2023-12-14,Full Circle,2023,https://boxd.it/HpFI
2023-12-15,The Boss: Anatomy of a Crime,2014,https://boxd.it/a8p8
2023-12-17,Fellow Travelers,2023,https://boxd.it/Jdwe
2023-12-18,Love After Music,2023,https://boxd.it/Gwd0
2023-12-24,Saltburn,2023,https://boxd.it/z4eg
2023-12-25,Home Alone,1990,https://boxd.it/29Fg
2023-12-26,Home Alone 2: Lost in New York,1992,https://boxd.it/29F6
2023-12-27,Dream Scenario,2023,https://boxd.it/v2h0
2023-12-28,Whatever It Takes,2000,https://boxd.it/1KyO
2023-12-29,Last Call for Istanbul,2023,https://boxd.it/Dwfu
2023-12-30,Fall,2022,https://boxd.it/Bf6G
2023-12-31,How to Have Sex,2023,https://boxd.it/EFIM
2024-01-02,Bad Christmas,2021,https://boxd.it/nmSa
2024-01-05,My First Wedding,2011,https://boxd.it/31zQ
2024-01-06,Chinese Take-Away,2011,https://boxd.it/2eGy
2024-01-08,Foe,2023,https://boxd.it/sy7U
2024-01-09,The Time It Takes,2021,https://boxd.it/yT0C
2024-01-11,The Wrath of God,2022,https://boxd.it/xdoA
2024-01-12,Abzurdah,2015,https://boxd.it/bWiS
2024-01-14,About Time,2013,https://boxd.it/43bI
2024-01-15,Sundown,2021,https://boxd.it/wgbs
2024-01-16,Society of the Snow,2023,https://boxd.it/y9aw
2024-01-17,Julia(s),2022,https://boxd.it/xI92
2024-01-18,Oppenheimer,2023,https://boxd.it/wUow
2024-01-19,At the End of the Tunnel,2016,https://boxd.it/dN92
2024-01-19,9,2021,https://boxd.it/xPEm
2024-01-20,Appropriate Adult,2011,https://boxd.it/6crE
2024-01-20,Bodyguard,2018,https://boxd.it/vC2U
2024-01-22,Nadie puede ser tan malo haciendo café,2018,https://boxd.it/KGU2
2024-01-23,The Last Letter from Your Lover,2021,https://boxd.it/nGzM
2024-01-24,Weekend at Bernie's,1989,https://boxd.it/204U
2024-01-25,La empresa,2020,https://boxd.it/KGTI
2024-01-26,One Day,2011,https://boxd.it/Asu
2024-01-27,Yí (Endless River),2020,https://boxd.it/uqx0
2024-01-28,Weekend at Bernie's II,1993,https://boxd.it/204K
2024-01-29,Rodríguez y el cambio climático,2017,https://boxd.it/KUbA
2024-01-30,Interstellar,2014,https://boxd.it/4VZ8
2024-01-31,Through My Window,2022,https://boxd.it/uQGW
2024-02-01,Through My Window: Across the Sea,2023,https://boxd.it/BkEI
2024-02-02,Other Side of the Box,2018,https://boxd.it/lXsa
2024-02-03,Sea Sparkles,2022,https://boxd.it/D1k4
2024-02-04,American Murder: The Family Next Door,2020,https://boxd.it/rUk0
2024-02-05,Don't F**k with Cats: Hunting an Internet Killer,2019,https://boxd.it/oqjq
2024-02-07,Fallen Leaves,2023,https://boxd.it/Bgew
2024-02-08,Eternal Sunshine of the Spotless Mind,2004,https://boxd.it/6YK
2024-02-09,The Class,2007,https://boxd.it/1q08
2024-02-09,The Class: Life After,2010,https://boxd.it/B7oi
2024-02-10,Society of the Snow: Who Were We on the Mountain?,2024,https://boxd.it/KOx6
2024-02-11,Luca,2021,https://boxd.it/ipjC
2024-02-13,Aftersun,2022,https://boxd.it/Arw0
2024-02-14,Ciao Alberto,2021,https://boxd.it/x4F8
2024-02-16,The Iron Claw,2023,https://boxd.it/w5Pm
2024-02-17,Upgraded,2024,https://boxd.it/ClSe
2024-02-18,Leave the World Behind,2023,https://boxd.it/re0i
2024-02-20,Laps,2017,https://boxd.it/hgOO
2024-02-21,Tuesday,2015,https://boxd.it/AJsU
2024-02-22,American Sniper,2014,https://boxd.it/5LDy
2024-02-23,Thirteen,2003,https://boxd.it/1UPK
2024-02-25,The Basketball Diaries,1995,https://boxd.it/1WaO
2024-02-26,The Royal Hotel,2023,https://boxd.it/zEvs
2024-02-27,BlackBerry,2023,https://boxd.it/CoVK
2024-02-28,A Walk to Remember,2002,https://boxd.it/1WLq
2024-02-29,American Hustle,2013,https://boxd.it/5dz8
2024-03-02,¡Atraco!,2012,https://boxd.it/4rnS
2024-03-03,Baires,2015,https://boxd.it/dkzU
2024-03-04,Below Zero,2021,https://boxd.it/lDY6
2024-03-05,Poor Things,2023,https://boxd.it/tNWU
2024-03-06,"Red, White and Blue",2023,https://boxd.it/Jk6C
2024-03-07,Knight of Fortune,2022,https://boxd.it/AGXg
2024-03-08,The Zone of Interest,2023,https://boxd.it/gJsA
2024-03-09,21 Grams,2003,https://boxd.it/2ajK
2024-03-10,Adult World,2013,https://boxd.it/4zbK
2024-03-12,The Red Suitcase,2022,https://boxd.it/D3OA
2024-03-13,Betibú,2014,https://boxd.it/7NM2
2024-03-14,Room for Rent,2019,https://boxd.it/LpB0
2024-03-15,WAR IS OVER! Inspired by the Music of John & Yoko,2023,https://boxd.it/K4NW
2024-03-16,Alpha Dog,2006,https://boxd.it/20Va
2024-03-17,Aisha,2022,https://boxd.it/uWek
2024-03-18,The Curse,2023,https://boxd.it/IWYq
2024-03-19,Knock at the Cabin,2023,https://boxd.it/npL2
2024-03-21,Britney vs. Spears,2021,https://boxd.it/u0TE
2024-03-22,Carancho,2010,https://boxd.it/L9S
2024-03-23,El Potro: Unstoppable,2018,https://boxd.it/kaYE
2024-03-24,Expats,2024,https://boxd.it/I4xA
2024-03-26,See You in Another Life,2024,https://boxd.it/M0Bm
2024-03-27,One Day,2024,https://boxd.it/L1ZM
2024-03-28,Never Let Me Go,2010,https://boxd.it/Xw0
2024-03-29,She's All That,1999,https://boxd.it/1Wz0
2024-03-30,He's All That,2021,https://boxd.it/bFbA
2024-03-31,Lords of Dogtown,2005,https://boxd.it/1XOg
2024-04-01,Cenizas pasajeras,2024,https://boxd.it/M6Fa
2024-04-02,Rest in Peace,2024,https://boxd.it/FPFU
2024-04-03,Lovers of the Arctic Circle,1998,https://boxd.it/28NS
2024-04-05,You Are Not Alone: Fighting the Wolf Pack,2024,https://boxd.it/L3ga
2024-04-06,Carmel: Who Killed Maria Marta?,2020,https://boxd.it/sDz0
2024-04-06,The Walking Dead: The Ones Who Live,2024,https://boxd.it/LCN4
2024-04-07,Irish Wish,2024,https://boxd.it/CxHM
2024-04-08,After Hours,1985,https://boxd.it/1VfS
2024-04-09,Música,2024,https://boxd.it/AA9a
2024-04-10,The Spectacular Now,2013,https://boxd.it/4VSG
2024-04-11,The Tearsmith,2024,https://boxd.it/GCSS
2024-04-12,Palm Springs,2020,https://boxd.it/lCXQ
2024-04-14,The Greatest Hits,2024,https://boxd.it/CdIg
2024-04-15,The Walking Dead: The Return,2024,https://boxd.it/LoQ4
2024-04-15,Under the Silver Lake,2018,https://boxd.it/dSAs
2024-04-16,The Official Story,1985,https://boxd.it/1nS2
2024-04-17,"Love, Divided",2024,https://boxd.it/BZRo
2024-04-19,Someone Has to Die,2020,https://boxd.it/skxk
2024-04-21,Cam,2018,https://boxd.it/iWvG
2024-04-21,Dirty John: The Dirty Truth,2019,https://boxd.it/l82U
2024-04-22,The Mole Agent,2020,https://boxd.it/oiRO
2024-04-23,Bacurau,2019,https://boxd.it/fSUG
2024-04-24,Ferris Bueller's Day Off,1986,https://boxd.it/1YPY
2024-04-25,Stockholm,2013,https://boxd.it/5DeA
2024-04-26,Monkey Man,2024,https://boxd.it/kvsO
2024-04-27,The Crimes That Bind,2020,https://boxd.it/nrXk
2024-04-28,Drive-Away Dolls,2024,https://boxd.it/A8vi
2024-04-29,Modern Times,1936,https://boxd.it/25MC
2024-05-01,Late Night with the Devil,2023,https://boxd.it/zo6G
2024-05-03,The Social Network,2010,https://boxd.it/17ue
2024-05-04,Blue Jay,2016,https://boxd.it/enEq
2024-05-05,The Idea of You,2024,https://boxd.it/vOW6
2024-05-06,Baby Reindeer,2024,https://boxd.it/MwSa
2024-05-07,All of Us Strangers,2023,https://boxd.it/Bz3C
2024-05-08,Downtown Owl,2023,https://boxd.it/AggK
2024-05-10,Perfect Days,2023,https://boxd.it/ATh8
2024-05-11,Good Kids,2016,https://boxd.it/bQoU
2024-05-14,Confessions,2023,https://boxd.it/FJWg
2024-05-16,Amores Perros,2000,https://boxd.it/2bfu
2024-05-19,The Breakfast Club,1985,https://boxd.it/27q4
2024-05-21,Ferrari,2023,https://boxd.it/cEtq
2024-05-22,Little Women,2019,https://boxd.it/aSVk
2024-05-23,Calladita,2020,https://boxd.it/svIS
2024-05-24,The May Revolution,1909,https://boxd.it/6RkE
2024-05-28,Atonement,2007,https://boxd.it/24ui
2024-05-29,Nahir,2024,https://boxd.it/KUdc
2024-06-01,Challengers,2024,https://boxd.it/zld0
2024-06-01,Black Mirror: The National Anthem,2011,https://boxd.it/hQYK
2024-06-01,Black Mirror: Fifteen Million Merits,2011,https://boxd.it/hQYU
2024-06-02,Black Mirror: The Entire History of You,2011,https://boxd.it/hQZ4
2024-06-02,Black Mirror: Be Right Back,2013,https://boxd.it/hRpw
2024-06-03,Black Mirror: White Bear,2013,https://boxd.it/hRpG
2024-06-03,Black Mirror: The Waldo Moment,2013,https://boxd.it/hRpQ
2024-06-04,Dennis the Menace,1993,https://boxd.it/1SrQ
2024-06-05,A Part of You,2024,https://boxd.it/GCfG
2024-06-06,The Courier,2024,https://boxd.it/HtoQ
2024-06-08,Gasoline Rainbow,2023,https://boxd.it/HJrG
2024-06-09,The Miseducation of Cameron Post,2018,https://boxd.it/f6B2
2024-06-09,Black Mirror: White Christmas,2014,https://boxd.it/B3qu
2024-06-10,Black Mirror: Nosedive,2016,https://boxd.it/hK9G
2024-06-10,Bonnie & Clyde,2013,https://boxd.it/Losw
2024-06-11,Black Mirror: Playtest,2016,https://boxd.it/hRR6
2024-06-11,Conversations with a Killer: The Ted Bundy Tapes,2019,https://boxd.it/lhay
2024-06-12,Black Mirror: Shut Up and Dance,2016,https://boxd.it/hRRq
2024-06-13,Black Mirror: San Junipero,2016,https://boxd.it/k4aS
2024-06-13,"Extremely Wicked, Shockingly Evil and Vile",2019,https://boxd.it/glCG
2024-06-14,Black Mirror: Men Against Fire,2016,https://boxd.it/hSBS
2024-06-14,El Angel,2018,https://boxd.it/ilA0
2024-06-15,Black Mirror: Hated in the Nation,2016,https://boxd.it/hSBI
2024-06-15,Initials S.G.,2019,https://boxd.it/lzJG
2024-06-16,The Mudboy,2007,https://boxd.it/4ni
2024-06-17,Am I OK?,2022,https://boxd.it/nPqY
2024-06-18,Illusions for Sale: The Rise and Fall of Generation Zoe,2024,https://boxd.it/MOHk
2024-06-19,The Coffee Table,2022,https://boxd.it/DY2e
2024-06-21,City of God,2002,https://boxd.it/2a2a
2024-06-22,Raising Voices,2024,https://boxd.it/NCN8
2024-06-23,The Mystery of Happiness,2014,https://boxd.it/7Viu
2024-06-24,Black Mirror: USS Callister,2017,https://boxd.it/hQXi
2024-06-24,7th Floor,2013,https://boxd.it/6oKe
2024-06-25,Francis: Pray for Me,2015,https://boxd.it/bISi
2024-06-26,Bridge to Terabithia,2007,https://boxd.it/28YG
2024-06-27,Pretty in Pink,1986,https://boxd.it/1TEw
2024-06-28,I Saw the TV Glow,2024,https://boxd.it/woVe
2024-06-29,Sharp Objects,2018,https://boxd.it/j3NM
2024-06-30,Thesis on a Homicide,2013,https://boxd.it/5cm8
2024-07-01,Just Like Me,2010,https://boxd.it/GW6
2024-07-02,Blue Jasmine,2013,https://boxd.it/50MI
2024-07-03,Triangle of Sadness,2022,https://boxd.it/hXlq
2024-07-04,The Watchers,2024,https://boxd.it/F6Rw
2024-07-05,Memories of Murder,2003,https://boxd.it/1TSo
2024-07-06,A Family Affair,2024,https://boxd.it/Bj9O
2024-07-09,"Paris, Texas",1984,https://boxd.it/29Ts
2024-07-10,What Do We See When We Look at the Sky?,2021,https://boxd.it/tWcQ
2024-07-12,Stars at Noon,2022,https://boxd.it/mfNU
2024-07-13,Yummy,2019,https://boxd.it/nvAa
2024-07-14,Godspeed,2022,https://boxd.it/AHcU
2024-07-15,Dark Buildings (A Crack in the Wall),2018,https://boxd.it/i2hS
2024-07-15,Black Mirror: Arkangel,2017,https://boxd.it/hQXW
2024-07-16,Black Mirror: Crocodile,2017,https://boxd.it/hRoS
2024-07-16,I Choose to Believe,2023,https://boxd.it/Jerk
2024-07-17,Lady Bird,2017,https://boxd.it/dGNE
2024-07-18,The Disappearance of Eleanor Rigby: Them,2014,https://boxd.it/4WEq
2024-07-19,The Bikeriders,2023,https://boxd.it/C6Ym
2024-07-20,Error 404,2016,https://boxd.it/nGRQ
2024-07-21,I'm Gilda,2016,https://boxd.it/eHMk
2024-07-22,10 Days Without Mom,2017,https://boxd.it/gK4u
2024-07-23,Utøya: July 22,2018,https://boxd.it/i3a4
2024-07-24,Suspiria,1977,https://boxd.it/1SNW
2024-07-25,Black Mirror: Hang the DJ,2017,https://boxd.it/hQYA
2024-07-26,Animal,2023,https://boxd.it/xAQi
2024-07-26,Trunk,2008,https://boxd.it/8ZJQ
2024-07-28,Youth in Revolt,2009,https://boxd.it/1AK6
2024-07-29,Hi Stranger,2016,https://boxd.it/fTfY
2024-07-30,Black Mirror: Metalhead,2017,https://boxd.it/hRqk
2024-07-31,Elite Short Stories: Guzmán Caye Rebe,2021,https://boxd.it/vsZC
2024-08-01,Elite Short Stories: Nadia Guzmán,2021,https://boxd.it/vsZW
2024-08-01,Green Day: Jesus of Suburbia,2005,https://boxd.it/qv7y
2024-08-02,Super Crazy,2018,https://boxd.it/iAN4
2024-08-03,Little Lies,2022,https://boxd.it/vsgi
2024-08-04,Portrait of a Lady on Fire,2019,https://boxd.it/jkPq
2024-08-05,The Minimalists: Less Is Now,2021,https://boxd.it/t5Ww
2024-08-06,The Cabin in the Woods,2011,https://boxd.it/1zOc
2024-08-07,Find Me Falling,2024,https://boxd.it/LO3M
2024-08-08,What Comes Around,2022,https://boxd.it/BZTa
2024-08-09,The Choice,2016,https://boxd.it/aPyC
2024-08-11,Elite Short Stories: Omar Ander Alexis,2021,https://boxd.it/vt06
2024-08-11,Elite Short Stories: Carla Samuel,2021,https://boxd.it/vsZM
2024-08-12,The Tangalanga Method,2022,https://boxd.it/Dn48
2024-08-13,White Elephant,2012,https://boxd.it/3IeG
2024-08-14,X,2022,https://boxd.it/sxVa
2024-08-15,Pearl,2022,https://boxd.it/zPbe
2024-08-16,MaXXXine,2024,https://boxd.it/CIM4
2024-08-17,Piggy,2022,https://boxd.it/w05y
2024-08-18,Piggy,2018,https://boxd.it/inVu
2024-08-19,I Can't Live Without You,2024,https://boxd.it/JoqG
2024-08-20,Nope,2022,https://boxd.it/sDCe
2024-08-21,Los justos,2024,https://boxd.it/whPS
2024-08-22,Purple Noon,1960,https://boxd.it/1WrU
2024-08-23,Fly Me to the Moon,2024,https://boxd.it/A7Xg
2024-08-24,Sallie Gardner at a Gallop,1878,https://boxd.it/5QQi
2024-08-25,The Kiss,1882,https://boxd.it/kOza
2024-08-27,Thesis,1996,https://boxd.it/1Z1U
2024-08-28,Just Love,2018,https://boxd.it/kmoo
2024-08-29,Goyo,2024,https://boxd.it/JcbO
2024-08-30,A Perfect Story,2023,https://boxd.it/HSRI
2024-08-31,The Big Shave,1967,https://boxd.it/HO8
2024-09-02,Elite Short Stories: Phillipe Caye Felipe,2021,https://boxd.it/yyaQ
2024-09-03,The Green Knight,2021,https://boxd.it/kuy2
2024-09-04,Behind Her Eyes,2021,https://boxd.it/qin4
2024-09-05,Kinds of Kindness,2024,https://boxd.it/CWPw
2024-09-06,Incoming,2024,https://boxd.it/C7UK
2024-09-07,Kiss Me First,2018,https://boxd.it/pOcU
2024-09-08,Wake Me Up When September Ends,2005,https://boxd.it/Q8rW
2024-09-09,Life in Holland,1911,https://boxd.it/lcd8
2024-09-10,"De Tripas, Corazón",1996,https://boxd.it/7c3a
2024-09-11,Longlegs,2024,https://boxd.it/KzLM
2024-09-12,"Disco, Ibiza, Locomía",2024,https://boxd.it/HxCi
2024-09-13,Ángel Di María: Breaking Down the Wall,2024,https://boxd.it/QkEo
2024-09-14,What You Wish For,2023,https://boxd.it/GByC
2024-09-16,The Great Train Robbery,1903,https://boxd.it/22JU
2024-09-17,Blacksmithing Scene,1893,https://boxd.it/1JSS
2024-09-17,Newark Athlete,1891,https://boxd.it/3z3k
2024-09-18,Labyrinth,1986,https://boxd.it/1POC
2024-09-19,Algo que pasó en Año Nuevo,2022,https://boxd.it/CsG0
2024-09-20,Twister,1996,https://boxd.it/29S0
2024-09-21,Twisters,2024,https://boxd.it/qV7a
2024-09-22,A Romance of the Rail,1903,https://boxd.it/4Gny
2024-09-23,The Train Wreckers,1905,https://boxd.it/5UK4
2024-09-24,Lo de aquella noche,2020,https://boxd.it/vudg
2024-09-25,Look Both Ways,2022,https://boxd.it/ujzI
2024-09-26,Petite Maman,2021,https://boxd.it/s6je
2024-09-27,Hollywood,2020,https://boxd.it/q2VO
2024-09-28,Me & You,2015,https://boxd.it/aX88
2024-09-29,A Romance of the Rails,1912,https://boxd.it/OLf2
2024-09-30,Paperman,2012,https://boxd.it/4uYW
2024-10-01,Childish Dreams,1910,https://boxd.it/9E2I
2024-10-02,Hit Man,2023,https://boxd.it/ANB2
2024-10-03,Killer Heat,2024,https://boxd.it/FVN6
2024-10-04,Nick and Norah's Infinite Playlist,2008,https://boxd.it/1Slo
2024-10-05,Blink Twice,2024,https://boxd.it/vIOg
2024-10-06,Fishing for Goldfish,1895,https://boxd.it/4beA
2024-10-07,Black Mirror: Black Museum,2017,https://boxd.it/hRqu
2024-10-08,Salem's Lot,2024,https://boxd.it/sqU0
2024-10-09,Strange Darling,2023,https://boxd.it/CVIk
2024-10-10,The Platform,2019,https://boxd.it/mUm6
2024-10-12,The Platform 2,2024,https://boxd.it/Gz88
2024-10-13,Host,2020,https://boxd.it/r5O4
2024-10-14,Save Ralph,2021,https://boxd.it/ux2o
2024-10-14,A Trip to the Moon,1902,https://boxd.it/29EC
2024-10-15,The Haunted Castle,1896,https://boxd.it/4jBs
2024-10-16,A True Gentleman,2024,https://boxd.it/Q8Ny
2024-10-17,Reality+,2014,https://boxd.it/cIEC
2024-10-18,Revenge,2017,https://boxd.it/gL9g
2024-10-19,Whiplash,2014,https://boxd.it/7bQA
2024-10-20,Take Me Home,2012,https://boxd.it/h54q
2024-10-21,Monster,2018,https://boxd.it/hDTC
2024-10-22,Woman of the Hour,2023,https://boxd.it/vuz2
2024-10-23,Love at Second Sight,2019,https://boxd.it/kURO
2024-10-24,Her,2013,https://boxd.it/4O24
2024-10-26,It Ends with Us,2024,https://boxd.it/ENjg
2024-10-27,Whiplash,2013,https://boxd.it/cJds
2024-10-28,The Doll's Revenge,1907,https://boxd.it/wyJ8
2024-10-29,22 July,2018,https://boxd.it/h10E
2024-10-30,Old,2021,https://boxd.it/npKI
2024-10-31,Inventing the Abbotts,1997,https://boxd.it/1Rku
2024-11-01,A quien dices amar,2019,https://boxd.it/oc6i
2024-11-02,Letters to Juliet,2010,https://boxd.it/19aK
2024-11-03,The Infernal Cauldron,1903,https://boxd.it/1K2I
2024-11-04,Freelance,2024,https://boxd.it/NYUq
2024-11-06,Belfast,2021,https://boxd.it/tefG
2024-11-07,9 Kisses,2014,https://boxd.it/bngM
2024-11-08,Death Sentence,2007,https://boxd.it/1SYA
2024-11-09,The Substance,2024,https://boxd.it/zanS
2024-11-10,The Cavalier's Dream,1898,https://boxd.it/hlq8
2024-11-12,The '?' Motorist,1906,https://boxd.it/4is0
2024-11-13,Shaun of the Dead,2004,https://boxd.it/29J8
2024-11-14,Time Cut,2024,https://boxd.it/vcWM
2024-11-15,127 Hours,2010,https://boxd.it/SLa
2024-11-16,Disco Inferno,2023,https://boxd.it/JdbU
2024-11-17,Verano ’78,2024,https://boxd.it/O2FE
2024-11-18,You,2013,https://boxd.it/RrX0
2024-11-20,American Psycho,2000,https://boxd.it/28Vs
2024-11-21,Bridgend,2015,https://boxd.it/aejA
2024-11-23,(500) Days of Summer,2009,https://boxd.it/1EmM
2024-11-24,Pendulum,1981,https://boxd.it/bERA
2024-11-25,La Silla Vacía,2019,https://boxd.it/wcKe
2024-11-26,Double Ticks,2011,https://boxd.it/bl8G
2024-11-27,We Live in Time,2024,https://boxd.it/FC5u
2024-11-28,Calladita,2023,https://boxd.it/J5As
2024-11-29,An Almost Christmas Story,2024,https://boxd.it/Qe3w
2024-11-30,Beautiful Boy,2018,https://boxd.it/g76Q
2024-12-01,Gift,2015,https://boxd.it/dfpK
2024-12-03,"Maggie Simpson in ""The Longest Daycare""",2012,https://boxd.it/3Sjc
2024-12-04,Joy,2024,https://boxd.it/IUU2
2024-12-05,Here,2024,https://boxd.it/zscS
2024-12-06,Disclaimer,2024,https://boxd.it/PDv4
2024-12-07,Fargo,1996,https://boxd.it/2aHM
2024-12-08,"Maggie Simpson in ""The Force Awakens from Its Nap""",2021,https://boxd.it/v7eK
2024-12-09,"Maggie Simpson in ""Playdate with Destiny""",2020,https://boxd.it/p5My
2024-12-10,Good Intentions,2018,https://boxd.it/jVec
2024-12-11,Let Go,2024,https://boxd.it/K61K
2024-12-12,Before Sunrise,1995,https://boxd.it/2bcU
2024-12-13,Ellipsis,2024,https://boxd.it/Eogc
2024-12-14,Green Room,2015,https://boxd.it/a75m
2024-12-15,The Social Dilemma,2020,https://boxd.it/opQI
2024-12-16,Kitbull,2019,https://boxd.it/l4MY
2024-12-17,Purl,2018,https://boxd.it/jomC
2024-12-18,Juror #2,2024,https://boxd.it/FRwU
2024-12-19,"Planes, Trains and Automobiles",1987,https://boxd.it/26zE
2024-12-20,The Outrun,2024,https://boxd.it/txPo
2024-12-21,Senna,2024,https://boxd.it/RFFa
2024-12-22,Turn-of-the-Century Surgery,1900,https://boxd.it/3Yyi
2024-12-23,Smash and Grab,2019,https://boxd.it/joms
2024-12-24,Float,2019,https://boxd.it/l4OU
2024-12-26,A Charlie Brown Christmas,1965,https://boxd.it/1QDq
2024-12-27,Our Little Secret,2024,https://boxd.it/KVeA
2024-12-28,Carry-On,2024,https://boxd.it/C0B2
2024-12-29,Look Back,2024,https://boxd.it/LjA6
2024-12-30,At the Photographer's,1900,https://boxd.it/3YyC
2024-12-30,Falling for Christmas,2022,https://boxd.it/vpEG
2024-12-31,The Darkest Darkness,2023,https://boxd.it/G5is
2025-01-01,At the Hypnotist's,1898,https://boxd.it/3YAy
2025-01-01,No One Will Miss Us,2024,https://boxd.it/ScO0
2025-01-02,The Merry Gentlemen,2024,https://boxd.it/NdXM
2025-01-03,Anora,2024,https://boxd.it/Egcw
2025-01-04,In the Mood for Love,2000,https://boxd.it/29tE
2025-01-05,Scott Pilgrim vs. the World,2010,https://boxd.it/1Aq6
2025-01-06,Wind,2019,https://boxd.it/l4OK
2025-01-08,Beau Travail,1999,https://boxd.it/1NI8
2025-01-09,Missing You,2025,https://boxd.it/S5sm
2025-01-10,Linda,2024,https://boxd.it/Nu74
2025-01-11,Panic Attack!,2009,https://boxd.it/31Dy
2025-01-13,Before the Eruption,2021,https://boxd.it/uneu
2025-01-13,The Screamers,2010,https://boxd.it/9fbg
2025-01-14,The Love Scam,2025,https://boxd.it/RMwE
2025-01-15,The Crime of Padre Amaro,2002,https://boxd.it/2aay
2025-01-16,The Words,2012,https://boxd.it/2Wpw
2025-01-17,My Own Private Idaho,1991,https://boxd.it/2ak4
2025-01-19,Young Hunter,2020,https://boxd.it/n5Gc
2025-01-20,Premonitions Following an Evil Deed,1995,https://boxd.it/D6uI
2025-01-22,The Way Way Back,2013,https://boxd.it/4Gwq
2025-01-24,Bad Actor,2023,https://boxd.it/G0Mi
2025-01-25,The Seed of the Sacred Fig,2024,https://boxd.it/MKo4
2025-01-28,Abrazo Ceñido,2024,https://boxd.it/SGxS
2025-01-29,Kill the Jockey,2024,https://boxd.it/FNA4
2025-01-30,The Calendar Killer,2025,https://boxd.it/Rr8c
2025-01-31,Heretic,2024,https://boxd.it/H1lY
2025-02-01,Mulholland Drive,2001,https://boxd.it/297o
2025-02-02,train,2019,https://boxd.it/EAEA
2025-02-03,Rescued by Rover,1905,https://boxd.it/3ife
2025-02-04,Loop,2020,https://boxd.it/l4OA
2025-02-05,Babygirl,2024,https://boxd.it/Fvai
2025-02-06,A Different Man,2024,https://boxd.it/BoEC
2025-02-07,The Devil's Own,1997,https://boxd.it/24he
2025-02-08,Heat,1995,https://boxd.it/2bg8
2025-02-09,The Dog Outwits the Kidnapper,1908,https://boxd.it/6Hk0
2025-02-10,How It Feels to Be Run Over,1900,https://boxd.it/4Nms
2025-02-11,The Kid,1921,https://boxd.it/1X5U
2025-02-12,Bridget Jones's Diary,2001,https://boxd.it/29WQ
2025-02-13,Bridget Jones: The Edge of Reason,2004,https://boxd.it/1XMa
2025-02-14,Bridget Jones's Baby,2016,https://boxd.it/3jQU
2025-02-15,Bridget Jones: Mad About the Boy,2025,https://boxd.it/Mu9s
2025-02-16,Test Area,2024,https://boxd.it/Set4
2025-02-17,Brazil,1985,https://boxd.it/2be2
2025-02-18,Nightbitch,2024,https://boxd.it/rk8s
2025-02-19,Good Time,2017,https://boxd.it/fcFu
2025-02-20,Wish You Were Here,2025,https://boxd.it/vLQu
2025-02-21,Companion,2025,https://boxd.it/F04o
2025-02-22,Risky Business,1983,https://boxd.it/1YUE
2025-02-23,The Arrival of a Train at La Ciotat,1896,https://boxd.it/2aZw
2025-02-24,The Gorge,2025,https://boxd.it/zRqK
2025-02-25,Conclave,2024,https://boxd.it/AO8q
2025-02-26,Maria,2024,https://boxd.it/Dh4c
2025-02-27,The Brutalist,2024,https://boxd.it/k4BO
2025-02-28,A Complete Unknown,2024,https://boxd.it/oBYa
2025-03-01,Instruments of a Beating Heart,2024,https://boxd.it/N2so
2025-03-02,Incident,2023,https://boxd.it/FVFc
2025-03-03,I'm Not a Robot,2023,https://boxd.it/IGTE
2025-03-04,Old Joy,2006,https://boxd.it/1tIW
2025-03-05,"Endings, Beginnings",2019,https://boxd.it/khUY
2025-03-06,Love Forever,2025,https://boxd.it/K61q
2025-03-07,La Dolce Villa,2025,https://boxd.it/LGsa
2025-03-08,Elephant,2003,https://boxd.it/287i
2025-03-09,The Sprinkler Sprinkled,1895,https://boxd.it/2Slq
2025-03-09,The Sprinkler Sprinkled,1896,https://boxd.it/ECwy
2025-03-10,Most People Die on Sundays,2024,https://boxd.it/zA8a
2025-03-11,A Clockwork Orange,1971,https://boxd.it/2aVE
2025-03-12,Picture This,2025,https://boxd.it/JINg
2025-03-13,The Passenger,2023,https://boxd.it/A8Zs
2025-03-14,Mystic Pizza,1988,https://boxd.it/1UpC
2025-03-15,Flower,2017,https://boxd.it/eTZA
2025-03-17,Fear and Loathing in Las Vegas,1998,https://boxd.it/27Xs
2025-03-18,A Silent Death,2025,https://boxd.it/Jcbk
2025-03-19,Like Crazy,2011,https://boxd.it/g4s
2025-03-20,Femme,2023,https://boxd.it/ASQw
2025-03-21,Red Rooms,2023,https://boxd.it/ym4c
2025-03-23,Black Mirror: Striking Vipers,2019,https://boxd.it/mlse
2025-03-24,Black Mirror: Smithereens,2019,https://boxd.it/mltc
2025-03-25,The 400 Blows,1959,https://boxd.it/2b1C
2025-03-26,Point Break,1991,https://boxd.it/2958
2025-03-27,The Parenting,2025,https://boxd.it/w7sO
2025-03-28,Holland,2025,https://boxd.it/7Axy
2025-03-29,Adolescence,2025,https://boxd.it/TFGw
2025-03-30,"Black Mirror: Rachel, Jack and Ashley Too",2019,https://boxd.it/mltQ
2025-03-31,Black Mirror: Joan Is Awful,2023,https://boxd.it/GWmi
2025-04-01,Dogfight,1991,https://boxd.it/1NCk
2025-04-02,The Banshees of Inisherin,2022,https://boxd.it/p7XS
2025-04-03,The Life List,2025,https://boxd.it/LN3c
2025-04-04,I'm Still Here,2024,https://boxd.it/BPEO
2025-04-05,Black Mirror: Loch Henry,2023,https://boxd.it/H7Pg
2025-04-06,Black Mirror: Beyond the Sea,2023,https://boxd.it/H7QI
2025-04-08,Black Mirror: Demon 79,2023,https://boxd.it/H7Rc
2025-04-09,Career Opportunities,1991,https://boxd.it/1Ksw
2025-04-10,One of Them Days,2025,https://boxd.it/MReU
2025-04-11,Black Mirror: Common People,2025,https://boxd.it/U1Vy
2025-04-12,Making of The Last of Us,2023,https://boxd.it/FCjc
2025-04-12,Black Mirror: Bête Noire,2025,https://boxd.it/U1VI
2025-04-13,Serenade to Miette,2011,https://boxd.it/gqdc
2025-04-14,Sidewalls,2011,https://boxd.it/2EiM
2025-04-15,Caught,2025,https://boxd.it/TY0k
2025-04-16,Clueless,1995,https://boxd.it/1Ygk
2025-04-17,The Silence of the Lambs,1991,https://boxd.it/2aHW
2025-04-18,Short Cuts,1993,https://boxd.it/29Nk
2025-04-19,"Love, Death & Robots: Sonnie's Edge",2019,https://boxd.it/lECg
2025-04-20,"Love, Death & Robots: Three Robots",2019,https://boxd.it/lECK
2025-04-21,"Love, Death & Robots: The Witness",2019,https://boxd.it/lFO8
2025-04-22,Call Me Francis,2015,https://boxd.it/cROm
2025-04-22,September 5,2024,https://boxd.it/JYsI
2025-04-23,Shiva Baby,2020,https://boxd.it/oIv0
2025-04-24,Rocco and His Brothers,1960,https://boxd.it/20bG
2025-04-25,Apple Cider Vinegar,2025,https://boxd.it/SMcm
2025-04-26,Pope Leo XIII Being Seated Bestowing Blessing,1900,https://boxd.it/aBuc
2025-04-26,"Pope Leo XIII Leaving Carriage and Being Ushered Into Garden, No. 104",1898,https://boxd.it/mfMM
2025-04-26,Pope Leo XIII in His Carriage,1898,https://boxd.it/q2Jy
2025-04-28,"Love, Death & Robots: Suits",2019,https://boxd.it/lFOM
2025-04-29,Winter Spring Summer or Fall,2024,https://boxd.it/E4jK
2025-04-30,The Monkey,2025,https://boxd.it/Gwiu
2025-05-01,A Simple Favor,2018,https://boxd.it/hq92
2025-05-01,Another Simple Favor,2025,https://boxd.it/AO6k
2025-05-04,"Love, Death & Robots: When the Yogurt Took Over",2019,https://boxd.it/lFSY
2025-05-05,The Truce,1974,https://boxd.it/4aQ4
2025-05-06,Déjame Estar Contigo,2025,https://boxd.it/NocM
2025-05-07,The Eternaut,2025,https://boxd.it/Uh9U
2025-05-08,Last Summer,2023,https://boxd.it/uzY0
2025-05-09,Blow Out,1981,https://boxd.it/1TlE
2025-05-10,The Shop Around the Corner,1940,https://boxd.it/1DFy
2025-05-12,Final Destination,2000,https://boxd.it/1YrC
2025-05-13,Final Destination 2,2003,https://boxd.it/1YSS
2025-05-14,Final Destination 3,2006,https://boxd.it/1Z40
2025-05-15,The Final Destination,2009,https://boxd.it/1EmW
2025-05-16,Final Destination 5,2011,https://boxd.it/r1k
2025-05-18,"Love, Death & Robots: Beyond the Aquila Rift",2019,https://boxd.it/lGTe
2025-05-18,"Love, Death & Robots: Good Hunting",2019,https://boxd.it/lJFO
2025-05-20,Romeo and Juliet,1968,https://boxd.it/22cQ
2025-05-21,Trap,2024,https://boxd.it/D4nK
2025-05-23,Drugstore Cowboy,1989,https://boxd.it/2aj6
2025-05-24,Crazy About Her,2021,https://boxd.it/thf0
2025-05-25,I'm Not Your Mom,2019,https://boxd.it/mvBK
2025-05-26,Double Mommy,2016,https://boxd.it/fWB4
2025-05-27,Shanghai Express,1932,https://boxd.it/29ou
2025-05-28,Drop,2025,https://boxd.it/LyPq
2025-05-29,Little Fish,2020,https://boxd.it/lAFK
2025-05-30,A Quiet Place,2018,https://boxd.it/fVJQ
