Date,Content
2023-10-27,https://boxd.it/nnsMc
2023-11-26,https://boxd.it/kmkPe
2023-12-03,https://boxd.it/cfvVc
2023-12-09,https://boxd.it/15Ev4
2023-12-19,https://boxd.it/2wbGq
2023-12-26,https://boxd.it/m0wOQ
2023-12-27,https://boxd.it/opgYo
2023-12-27,https://boxd.it/fNxvq
2023-12-28,https://boxd.it/kkYp2
2023-12-29,https://boxd.it/nZrSk
2023-12-29,https://boxd.it/jUoHC
2024-01-01,https://boxd.it/qJW0S
2024-01-01,https://boxd.it/kDoa4
2024-01-04,https://boxd.it/mgQFG
2024-01-05,https://boxd.it/7odTK
2024-01-06,https://boxd.it/gGxRQ
2024-01-09,https://boxd.it/2iaWk
2024-01-12,https://boxd.it/qcmNo
2024-01-12,https://boxd.it/p5GLY
2024-01-15,https://boxd.it/gbrrq
2024-01-15,https://boxd.it/4AE6C
2024-01-16,https://boxd.it/qaXSc
2024-01-27,https://boxd.it/ss7bO
2024-02-01,https://boxd.it/sCE7A
2024-02-04,https://boxd.it/4zqE4
2024-02-13,https://boxd.it/c4niu
2024-02-18,https://boxd.it/rECJs
2024-02-23,https://boxd.it/tdUfu
2024-03-02,https://boxd.it/fM6jK
2024-03-02,https://boxd.it/rTFu6
2024-03-09,https://boxd.it/sWrZa
2024-03-10,https://boxd.it/2MM5o
2024-03-14,https://boxd.it/tirRO
2024-03-17,https://boxd.it/QfXi
2024-03-17,https://boxd.it/qEW2O
2024-03-19,https://boxd.it/sWZzK
2024-04-04,https://boxd.it/utFCk
2024-04-17,https://boxd.it/uFenc
2024-04-18,https://boxd.it/1H7CW
2024-04-19,https://boxd.it/uRRCa
2024-04-24,https://boxd.it/v0zHO
2024-04-26,https://boxd.it/f3csS
2024-05-19,https://boxd.it/1CZ9Y
2024-05-29,https://boxd.it/f8EAq
2024-05-29,https://boxd.it/gYntq
2024-06-13,https://boxd.it/rMN2g
2024-06-14,https://boxd.it/33iTM
2024-06-15,https://boxd.it/weN2C
2024-06-16,https://boxd.it/we7rq
2024-06-16,https://boxd.it/wed2c
2024-06-16,https://boxd.it/rJndc
2024-06-19,https://boxd.it/tqpGU
2024-06-19,https://boxd.it/tHRhM
2024-07-01,https://boxd.it/cZUwS
2024-07-04,https://boxd.it/wI5my
2024-07-05,https://boxd.it/rBT2E
2024-07-06,https://boxd.it/w6JrC
2024-07-06,https://boxd.it/wB6e2
2024-07-06,https://boxd.it/rBpV0
2024-07-09,https://boxd.it/5uWK
2024-07-09,https://boxd.it/5Bt7g
2024-07-09,https://boxd.it/4UaPi
2024-07-10,https://boxd.it/h0S7O
2024-07-10,https://boxd.it/saNzs
2024-07-10,https://boxd.it/vu0Yq
2024-07-11,https://boxd.it/wVuV0
2024-07-13,https://boxd.it/mPmDg
2024-07-17,https://boxd.it/x5MUu
2024-07-17,https://boxd.it/bYNIc
2024-07-17,https://boxd.it/cC2oa
2024-07-19,https://boxd.it/jxE6w
2024-07-19,https://boxd.it/e4XzE
2024-07-19,https://boxd.it/voqXQ
2024-07-19,https://boxd.it/btRJG
2024-07-19,https://boxd.it/smweG
2024-07-19,https://boxd.it/sviF2
2024-07-19,https://boxd.it/xbgWq
2024-07-26,https://boxd.it/w2Ism
2024-08-04,https://boxd.it/xze7I
2024-08-05,https://boxd.it/rASw2
2024-08-13,https://boxd.it/xR568
2024-08-17,https://boxd.it/eWNQo
2024-08-20,https://boxd.it/vlGyw
2024-08-23,https://boxd.it/rD22U
2024-08-24,https://boxd.it/uaLOI
2024-08-25,https://boxd.it/s8DDq
2024-08-28,https://boxd.it/ygdT8
2024-08-31,https://boxd.it/hbcY4
2024-09-02,https://boxd.it/aIPJ6
2024-09-03,https://boxd.it/aL2Ys
2024-09-06,https://boxd.it/tvP9i
2024-09-06,https://boxd.it/rBZp0
2024-09-10,https://boxd.it/nN1ta
2024-09-11,https://boxd.it/s0HZu
2024-09-11,https://boxd.it/yEhkk
2024-09-14,https://boxd.it/viCDm
2024-09-14,https://boxd.it/rYueQ
2024-09-14,https://boxd.it/ltE5I
2024-09-15,https://boxd.it/w0mMA
2024-09-17,https://boxd.it/ugcuK
2024-09-17,https://boxd.it/tCam0
2024-09-18,https://boxd.it/jS6ws
2024-09-19,https://boxd.it/rr1Ju
2024-09-19,https://boxd.it/yilJ0
2024-09-19,https://boxd.it/rXshc
2024-09-20,https://boxd.it/n5X1A
2024-09-23,https://boxd.it/tm5Dy
2024-09-25,https://boxd.it/z0mSq
2024-09-25,https://boxd.it/eG59y
2024-09-26,https://boxd.it/lNg0O
2024-09-26,https://boxd.it/qV8YM
2024-09-27,https://boxd.it/5eAge
2024-09-27,https://boxd.it/3PzTq
2024-09-28,https://boxd.it/puysY
2024-09-28,https://boxd.it/3UAXI
2024-09-28,https://boxd.it/jJzaC
2024-09-28,https://boxd.it/vKYZA
2024-09-28,https://boxd.it/n6W8W
2024-09-29,https://boxd.it/gGGcM
2024-09-29,https://boxd.it/m1r2k
2024-09-29,https://boxd.it/odi9I
2024-09-29,https://boxd.it/rU7Ba
2024-09-30,https://boxd.it/w0v3Y
2024-09-30,https://boxd.it/lVXi8
2024-09-30,https://boxd.it/vyT1w
2024-10-01,https://boxd.it/wNH06
2024-10-02,https://boxd.it/z3dtM
2024-10-02,https://boxd.it/whBiu
2024-10-03,https://boxd.it/uVBW2
2024-10-03,https://boxd.it/telYc
2024-10-03,https://boxd.it/cHnzI
2024-10-04,https://boxd.it/zcBki
2024-10-05,https://boxd.it/xbZJw
2024-10-05,https://boxd.it/tDokE
2024-10-05,https://boxd.it/x0AC4
2024-10-08,https://boxd.it/fv5p4
2024-10-09,https://boxd.it/su5J4
2024-10-09,https://boxd.it/rnsNU
2024-10-09,https://boxd.it/rBzHi
2024-10-09,https://boxd.it/uXcKa
2024-10-09,https://boxd.it/ssfL6
2024-10-09,https://boxd.it/rFPGo
2024-10-09,https://boxd.it/stqwy
2024-10-09,https://boxd.it/sQ1fo
2024-10-10,https://boxd.it/yQeh2
2024-10-10,https://boxd.it/zgHe4
2024-10-10,https://boxd.it/zpyHk
2024-10-10,https://boxd.it/zpr62
2024-10-10,https://boxd.it/4zdAI
2024-10-11,https://boxd.it/sa8SS
2024-10-11,https://boxd.it/rCfuU
2024-10-11,https://boxd.it/rZJAY
2024-10-11,https://boxd.it/z70ys
2024-10-11,https://boxd.it/vJuYA
2024-10-13,https://boxd.it/4v4B0
2024-10-13,https://boxd.it/s0GUy
2024-10-14,https://boxd.it/aNZz6
2024-10-14,https://boxd.it/tOFnM
2024-10-15,https://boxd.it/ob1kA
2024-10-15,https://boxd.it/1R3j2
2024-10-15,https://boxd.it/m40y0
2024-10-17,https://boxd.it/1dxGU
2024-10-17,https://boxd.it/fKA6
2024-10-17,https://boxd.it/2rhPe
2024-10-17,https://boxd.it/yltM
2024-10-19,https://boxd.it/8HjM
2024-10-19,https://boxd.it/zwLAq
2024-10-19,https://boxd.it/3KREI
2024-10-19,https://boxd.it/1R3EO
2024-10-19,https://boxd.it/5AOdi
2024-10-21,https://boxd.it/njG0I
2024-10-23,https://boxd.it/rx7TW
2024-10-24,https://boxd.it/zKJaS
2024-10-24,https://boxd.it/zMIEc
2024-10-24,https://boxd.it/5uIS
2024-10-24,https://boxd.it/1RPvK
2024-10-24,https://boxd.it/1vQRy
2024-10-24,https://boxd.it/1RH34
2024-10-26,https://boxd.it/zN7QM
2024-10-27,https://boxd.it/srtDS
2024-10-27,https://boxd.it/pSo0S
2024-10-27,https://boxd.it/v6dJU
2024-10-28,https://boxd.it/aNHXO
2024-10-28,https://boxd.it/dcEYM
2024-10-28,https://boxd.it/sx8ry
2024-10-28,https://boxd.it/x14Yu
2024-10-29,https://boxd.it/sB9jI
2024-10-30,https://boxd.it/22Bdu
2024-11-01,https://boxd.it/zYtt8
2024-11-01,https://boxd.it/ern1W
2024-11-01,https://boxd.it/zfDSi
2024-11-01,https://boxd.it/zzlvA
2024-11-02,https://boxd.it/e3dKk
2024-11-05,https://boxd.it/mg4Bc
2024-11-05,https://boxd.it/w2e82
2024-11-05,https://boxd.it/mtlYI
2024-11-05,https://boxd.it/mxuOA
2024-11-05,https://boxd.it/y1pBq
2024-11-06,https://boxd.it/dUxQ0
2024-11-06,https://boxd.it/aLsXq
2024-11-06,https://boxd.it/czO1i
2024-11-06,https://boxd.it/fGH2a
2024-11-06,https://boxd.it/aXQuc
2024-11-06,https://boxd.it/egtFw
2024-11-08,https://boxd.it/Ac4nW
2024-11-09,https://boxd.it/tyk8Y
2024-11-10,https://boxd.it/t8MZE
2024-11-10,https://boxd.it/ej1H6
2024-11-10,https://boxd.it/w9Vso
2024-11-11,https://boxd.it/jtF28
2024-11-12,https://boxd.it/2aBum
2024-11-12,https://boxd.it/4Yi7G
2024-11-13,https://boxd.it/pDmkw
2024-11-13,https://boxd.it/1xE9S
2024-11-13,https://boxd.it/sfBEA
2024-11-13,https://boxd.it/y42Xa
2024-11-13,https://boxd.it/AavNI
2024-11-13,https://boxd.it/rYBiA
2024-11-13,https://boxd.it/u5oXs
2024-11-14,https://boxd.it/fbwnu
2024-11-14,https://boxd.it/oupSE
2024-11-14,https://boxd.it/t4SPM
2024-11-14,https://boxd.it/8AHz4
2024-11-17,https://boxd.it/rJZSC
2024-11-17,https://boxd.it/gS68y
2024-11-19,https://boxd.it/sHXCM
2024-11-20,https://boxd.it/AwNT4
2024-11-20,https://boxd.it/ftXZG
2024-11-20,https://boxd.it/bX6J0
2024-11-20,https://boxd.it/n2LAM
2024-11-20,https://boxd.it/tLkng
2024-11-20,https://boxd.it/pLcUA
2024-11-20,https://boxd.it/pWPhk
2024-11-20,https://boxd.it/q7jM8
2024-11-21,https://boxd.it/Az102
2024-11-21,https://boxd.it/oZQN4
2024-11-21,https://boxd.it/rNcbi
2024-11-22,https://boxd.it/sd3Yi
2024-11-23,https://boxd.it/otOMk
2024-11-23,https://boxd.it/teVYC
2024-11-23,https://boxd.it/gWac
2024-11-23,https://boxd.it/qYbEQ
2024-11-24,https://boxd.it/mBPuk
2024-11-24,https://boxd.it/b0Xmg
2024-11-24,https://boxd.it/x80yw
2024-11-24,https://boxd.it/vXLug
2024-11-24,https://boxd.it/wYiJ8
2024-11-24,https://boxd.it/1zqdA
2024-11-24,https://boxd.it/uko6I
2024-11-24,https://boxd.it/AkWsi
2024-11-24,https://boxd.it/quGPq
2024-11-24,https://boxd.it/xmIoy
2024-11-25,https://boxd.it/jJrSG
2024-11-26,https://boxd.it/us7li
2024-11-26,https://boxd.it/s0RfQ
2024-11-27,https://boxd.it/zahOS
2024-11-27,https://boxd.it/lf02w
2024-11-27,https://boxd.it/rpJdo
2024-11-27,https://boxd.it/vu3v2
2024-11-27,https://boxd.it/vIlie
2024-11-27,https://boxd.it/v5nc0
2024-11-27,https://boxd.it/AJJpK
2024-11-28,https://boxd.it/teuJg
2024-11-29,https://boxd.it/zyCmS
2024-11-29,https://boxd.it/AipKO
2024-11-29,https://boxd.it/Ab0vA
2024-11-29,https://boxd.it/hHB24
2024-11-29,https://boxd.it/AkaWu
2024-11-29,https://boxd.it/rS1Qu
2024-11-29,https://boxd.it/AMDVG
2024-11-29,https://boxd.it/w8Wpo
2024-12-02,https://boxd.it/v0JWY
2024-12-02,https://boxd.it/mdbac
2024-12-02,https://boxd.it/cmIQo
2024-12-03,https://boxd.it/AOmqq
2024-12-04,https://boxd.it/AUzm4
2024-12-04,https://boxd.it/sXImG
2024-12-04,https://boxd.it/lA72A
2024-12-05,https://boxd.it/xI1ek
2024-12-05,https://boxd.it/trojs
2024-12-05,https://boxd.it/fzii4
2024-12-05,https://boxd.it/eHB98
2024-12-06,https://boxd.it/ty2CG
2024-12-06,https://boxd.it/4ThY0
2024-12-07,https://boxd.it/nPOn0
2024-12-07,https://boxd.it/nVgW8
2024-12-07,https://boxd.it/okYre
2024-12-07,https://boxd.it/1YsN6
2024-12-07,https://boxd.it/tRjzi
2024-12-07,https://boxd.it/mwcrG
2024-12-08,https://boxd.it/pfAIY
2024-12-09,https://boxd.it/yYd4W
2024-12-10,https://boxd.it/twG7a
2024-12-10,https://boxd.it/z9Yne
2024-12-11,https://boxd.it/rvTLM
2024-12-11,https://boxd.it/uKInG
2024-12-12,https://boxd.it/qkfoi
2024-12-12,https://boxd.it/pJcUm
2024-12-12,https://boxd.it/p2iaS
2024-12-12,https://boxd.it/lpCzy
2024-12-12,https://boxd.it/rvDvS
2024-12-12,https://boxd.it/zFyim
2024-12-12,https://boxd.it/oFY7U
2024-12-12,https://boxd.it/1R31W
2024-12-12,https://boxd.it/1SGaK
2024-12-12,https://boxd.it/7rBA4
2024-12-12,https://boxd.it/we4qa
2024-12-12,https://boxd.it/AjtNu
2024-12-13,https://boxd.it/cduxa
2024-12-13,https://boxd.it/bEOmQ
2024-12-14,https://boxd.it/mgBJy
2024-12-14,https://boxd.it/dVv8i
2024-12-14,https://boxd.it/7gnau
2024-12-14,https://boxd.it/j2Dag
2024-12-14,https://boxd.it/q3bvq
2024-12-14,https://boxd.it/ApaO6
2024-12-15,https://boxd.it/5aVKw
2024-12-15,https://boxd.it/4u7rA
2024-12-15,https://boxd.it/7gpL8
2024-12-16,https://boxd.it/50cDg
2024-12-16,https://boxd.it/qpk0A
2024-12-16,https://boxd.it/1aJsk
2024-12-16,https://boxd.it/tkcK8
2024-12-16,https://boxd.it/q1Qse
2024-12-17,https://boxd.it/fwQ82
2024-12-18,https://boxd.it/AzwtY
2024-12-18,https://boxd.it/kjqA4
2024-12-18,https://boxd.it/fyMmS
2024-12-18,https://boxd.it/padlW
2024-12-18,https://boxd.it/3Oxnq
2024-12-18,https://boxd.it/ACHku
2024-12-19,https://boxd.it/BjCqS
2024-12-19,https://boxd.it/df9lU
2024-12-19,https://boxd.it/mohHI
2024-12-20,https://boxd.it/t9XY0
2024-12-20,https://boxd.it/tBTLi
2024-12-21,https://boxd.it/nniNk
2024-12-21,https://boxd.it/p8cBU
2024-12-21,https://boxd.it/BazyQ
2024-12-21,https://boxd.it/95RKo
2024-12-21,https://boxd.it/wN5nc
2024-12-22,https://boxd.it/xTFpY
2024-12-22,https://boxd.it/sAdog
2024-12-23,https://boxd.it/2px3w
2024-12-23,https://boxd.it/4tzdu
2024-12-23,https://boxd.it/vqgra
2024-12-23,https://boxd.it/rUl4Y
2024-12-24,https://boxd.it/2XoYc
2024-12-24,https://boxd.it/Bun7o
2024-12-25,https://boxd.it/zMMly
2024-12-25,https://boxd.it/AfGuW
2024-12-25,https://boxd.it/B0NrY
2024-12-25,https://boxd.it/pTiAs
2024-12-26,https://boxd.it/hsds
2024-12-26,https://boxd.it/8oAIa
2024-12-26,https://boxd.it/43TLO
2024-12-26,https://boxd.it/4TjBM
2024-12-26,https://boxd.it/ANmdk
2024-12-26,https://boxd.it/qn7xC
2024-12-27,https://boxd.it/sSnQq
2024-12-27,https://boxd.it/sdc94
2024-12-27,https://boxd.it/tCr1e
2024-12-27,https://boxd.it/xzr8E
2024-12-28,https://boxd.it/kmFAY
2024-12-28,https://boxd.it/s2SZa
2024-12-28,https://boxd.it/rAN9W
2024-12-29,https://boxd.it/x5Zd4
2024-12-29,https://boxd.it/sIX4W
2024-12-29,https://boxd.it/Bvp3A
2024-12-29,https://boxd.it/wOO3I
2024-12-29,https://boxd.it/uY7ky
2024-12-29,https://boxd.it/uV2ui
2024-12-29,https://boxd.it/BrP2U
2024-12-29,https://boxd.it/KbcU
2024-12-29,https://boxd.it/sqr9k
2024-12-29,https://boxd.it/zGCYe
2024-12-29,https://boxd.it/BG9NE
2024-12-30,https://boxd.it/vlQZW
2024-12-30,https://boxd.it/h26rU
2024-12-30,https://boxd.it/3wKW
2024-12-30,https://boxd.it/j7OJ2
2024-12-30,https://boxd.it/BdVDu
2024-12-30,https://boxd.it/snFyM
2024-12-31,https://boxd.it/mQPGg
2024-12-31,https://boxd.it/sUD2g
2025-01-01,https://boxd.it/BQq4Q
2025-01-01,https://boxd.it/ufsUC
2025-01-01,https://boxd.it/BTDsi
2025-01-01,https://boxd.it/ANp7u
2025-01-01,https://boxd.it/BBiy4
2025-01-01,https://boxd.it/BShTu
2025-01-01,https://boxd.it/BSilS
2025-01-01,https://boxd.it/BSASU
2025-01-01,https://boxd.it/BPYLC
2025-01-01,https://boxd.it/ByoMg
2025-01-01,https://boxd.it/BT1EK
2025-01-01,https://boxd.it/BSyVM
2025-01-01,https://boxd.it/BuhUE
2025-01-01,https://boxd.it/zN6pU
2025-01-01,https://boxd.it/BPbHG
2025-01-01,https://boxd.it/BSEeY
2025-01-01,https://boxd.it/BDy4o
2025-01-01,https://boxd.it/BPfxq
2025-01-01,https://boxd.it/BaDKw
2025-01-02,https://boxd.it/BFK3Q
2025-01-02,https://boxd.it/BlWvi
2025-01-02,https://boxd.it/BVRt4
2025-01-02,https://boxd.it/BW1to
2025-01-02,https://boxd.it/BVeT8
2025-01-02,https://boxd.it/BUSKS
2025-01-02,https://boxd.it/BSHfK
2025-01-02,https://boxd.it/BlLGu
2025-01-02,https://boxd.it/BV63e
2025-01-02,https://boxd.it/BVsUk
2025-01-02,https://boxd.it/BhAWS
2025-01-02,https://boxd.it/BIDKu
2025-01-02,https://boxd.it/BDPUm
2025-01-02,https://boxd.it/BVcpK
2025-01-02,https://boxd.it/BV7yM
2025-01-02,https://boxd.it/BUYri
2025-01-02,https://boxd.it/BQUC4
2025-01-02,https://boxd.it/BUidI
2025-01-02,https://boxd.it/BUbpC
2025-01-02,https://boxd.it/BUcke
2025-01-02,https://boxd.it/BGcti
2025-01-02,https://boxd.it/BSnby
2025-01-02,https://boxd.it/BSYO8
2025-01-02,https://boxd.it/BTUTq
2025-01-02,https://boxd.it/BU6xG
2025-01-02,https://boxd.it/BRGqA
2025-01-02,https://boxd.it/BTXjK
2025-01-02,https://boxd.it/BWGhy
2025-01-02,https://boxd.it/rC5EK
2025-01-02,https://boxd.it/BXUdW
2025-01-02,https://boxd.it/BVi0w
2025-01-02,https://boxd.it/BXhOu
2025-01-02,https://boxd.it/Bfp2A
2025-01-02,https://boxd.it/qozni
2025-01-02,https://boxd.it/BXg5S
2025-01-02,https://boxd.it/Bw8vY
2025-01-02,https://boxd.it/BXuwI
2025-01-02,https://boxd.it/BXvJ4
2025-01-02,https://boxd.it/BQv5Y
2025-01-02,https://boxd.it/uAXWQ
2025-01-03,https://boxd.it/BXfnG
2025-01-03,https://boxd.it/rTsea
2025-01-03,https://boxd.it/yHYUm
2025-01-03,https://boxd.it/C2uiG
2025-01-03,https://boxd.it/C4iew
2025-01-03,https://boxd.it/C3eEe
2025-01-03,https://boxd.it/C4j6S
2025-01-03,https://boxd.it/C1t2A
2025-01-03,https://boxd.it/C1tdo
2025-01-03,https://boxd.it/C3JZ8
2025-01-03,https://boxd.it/C1qQC
2025-01-03,https://boxd.it/C3R7o
2025-01-03,https://boxd.it/C3XAG
2025-01-03,https://boxd.it/C4boE
2025-01-03,https://boxd.it/C039e
2025-01-03,https://boxd.it/C3kBU
2025-01-03,https://boxd.it/C3ijY
2025-01-03,https://boxd.it/C2JcI
2025-01-03,https://boxd.it/BKqQy
2025-01-03,https://boxd.it/C31pq
2025-01-03,https://boxd.it/C30yw
2025-01-03,https://boxd.it/C2Y74
2025-01-03,https://boxd.it/C0acE
2025-01-03,https://boxd.it/C0mP4
2025-01-03,https://boxd.it/1HtxO
2025-01-03,https://boxd.it/AmgDC
2025-01-04,https://boxd.it/c3RM8
2025-01-04,https://boxd.it/n0Cuw
2025-01-04,https://boxd.it/iUFdg
2025-01-04,https://boxd.it/wUM50
2025-01-04,https://boxd.it/C2Flm
2025-01-04,https://boxd.it/BT4FG
2025-01-04,https://boxd.it/C162W
2025-01-04,https://boxd.it/BoCww
2025-01-04,https://boxd.it/CacqI
2025-01-04,https://boxd.it/BXO40
2025-01-04,https://boxd.it/Bz4Yo
2025-01-04,https://boxd.it/BPvGe
2025-01-04,https://boxd.it/BEmlY
2025-01-04,https://boxd.it/C9i4Q
2025-01-04,https://boxd.it/BsChO
2025-01-04,https://boxd.it/BtYre
2025-01-04,https://boxd.it/C6amc
2025-01-04,https://boxd.it/BpqXi
2025-01-04,https://boxd.it/C8uQU
2025-01-04,https://boxd.it/BuXKm
2025-01-05,https://boxd.it/GHQE
2025-01-05,https://boxd.it/BhYWs
2025-01-05,https://boxd.it/Af7W2
2025-01-05,https://boxd.it/C0BZI
2025-01-05,https://boxd.it/BKAM2
2025-01-05,https://boxd.it/CciDi
2025-01-05,https://boxd.it/Bupli
2025-01-05,https://boxd.it/BlZ8c
2025-01-05,https://boxd.it/CeWxe
2025-01-05,https://boxd.it/BprRg
2025-01-05,https://boxd.it/BB8EG
2025-01-05,https://boxd.it/CelDa
2025-01-05,https://boxd.it/CcuK6
2025-01-05,https://boxd.it/CdN9K
2025-01-05,https://boxd.it/CbRBu
2025-01-05,https://boxd.it/C8g22
2025-01-05,https://boxd.it/sLH6o
2025-01-05,https://boxd.it/CdbwG
2025-01-05,https://boxd.it/CcMIs
2025-01-06,https://boxd.it/auyXi
2025-01-06,https://boxd.it/fMea2
2025-01-06,https://boxd.it/cly0U
2025-01-06,https://boxd.it/ippCs
2025-01-06,https://boxd.it/xHvsY
2025-01-06,https://boxd.it/tgmeo
2025-01-06,https://boxd.it/CgJ8u
2025-01-06,https://boxd.it/C3rUu
2025-01-06,https://boxd.it/Chv2u
2025-01-06,https://boxd.it/CgpZ4
2025-01-06,https://boxd.it/ByS3A
2025-01-06,https://boxd.it/BW0cw
2025-01-06,https://boxd.it/Cjz5G
2025-01-06,https://boxd.it/C5YPm
2025-01-06,https://boxd.it/CeeFo
2025-01-06,https://boxd.it/CiQbu
2025-01-06,https://boxd.it/BsLI0
2025-01-06,https://boxd.it/CiQzw
2025-01-06,https://boxd.it/C2tmW
2025-01-06,https://boxd.it/Bghxs
2025-01-06,https://boxd.it/CikLA
2025-01-06,https://boxd.it/ChYaC
2025-01-06,https://boxd.it/ruCgg
2025-01-07,https://boxd.it/C0Xfi
2025-01-07,https://boxd.it/baJXs
2025-01-07,https://boxd.it/s5TGE
2025-01-08,https://boxd.it/dU3uy
2025-01-08,https://boxd.it/mzyHs
2025-01-08,https://boxd.it/8NdXm
2025-01-08,https://boxd.it/aCdnO
2025-01-08,https://boxd.it/jwIxk
2025-01-08,https://boxd.it/eGPJM
2025-01-08,https://boxd.it/Buo3W
2025-01-08,https://boxd.it/BunxQ
2025-01-08,https://boxd.it/aGILU
2025-01-09,https://boxd.it/Btswm
2025-01-09,https://boxd.it/BWYM0
2025-01-09,https://boxd.it/vh41c
2025-01-09,https://boxd.it/Bevn8
2025-01-09,https://boxd.it/Cu9ai
2025-01-09,https://boxd.it/BENN6
2025-01-09,https://boxd.it/Cx6GQ
2025-01-09,https://boxd.it/CuRQs
2025-01-09,https://boxd.it/CwlD6
2025-01-09,https://boxd.it/C96JC
2025-01-09,https://boxd.it/BrLjs
2025-01-09,https://boxd.it/CvmCG
2025-01-09,https://boxd.it/CuZNm
2025-01-09,https://boxd.it/CuYIU
2025-01-09,https://boxd.it/C5sbY
2025-01-09,https://boxd.it/CaX8Q
2025-01-09,https://boxd.it/CfNdG
2025-01-09,https://boxd.it/C2TuM
2025-01-09,https://boxd.it/1NaD6
2025-01-10,https://boxd.it/C59jY
2025-01-10,https://boxd.it/wDWXC
2025-01-10,https://boxd.it/csZZu
2025-01-10,https://boxd.it/bSpF2
2025-01-10,https://boxd.it/c2Hc8
2025-01-10,https://boxd.it/asTtO
2025-01-10,https://boxd.it/bxPiG
2025-01-10,https://boxd.it/7ypkM
2025-01-10,https://boxd.it/7y0DO
2025-01-10,https://boxd.it/bdtvI
2025-01-13,https://boxd.it/uusC4
2025-01-13,https://boxd.it/CH180
2025-01-13,https://boxd.it/xdBCK
2025-01-14,https://boxd.it/C2uK6
2025-01-15,https://boxd.it/CSNAS
2025-01-15,https://boxd.it/CRkoc
2025-01-15,https://boxd.it/CURdC
2025-01-16,https://boxd.it/CVXQC
2025-01-16,https://boxd.it/CXA6U
2025-01-16,https://boxd.it/CVJsw
2025-01-16,https://boxd.it/2bsg
2025-01-17,https://boxd.it/BgfJ2
2025-01-17,https://boxd.it/hKKOM
2025-01-17,https://boxd.it/GH5S
2025-01-17,https://boxd.it/CYkvm
2025-01-19,https://boxd.it/CjYgk
2025-01-19,https://boxd.it/D45Mu
2025-01-19,https://boxd.it/D1hpQ
2025-01-19,https://boxd.it/CtZkC
2025-01-19,https://boxd.it/BfYhU
2025-01-19,https://boxd.it/C8oZQ
2025-01-19,https://boxd.it/D2AyE
2025-01-19,https://boxd.it/D1RRc
2025-01-19,https://boxd.it/CbvPa
2025-01-19,https://boxd.it/2oG8S
2025-01-19,https://boxd.it/Bvpkw
2025-01-20,https://boxd.it/D6n1A
2025-01-20,https://boxd.it/D8feg
2025-01-20,https://boxd.it/CHq4s
2025-01-20,https://boxd.it/AiCfE
2025-01-20,https://boxd.it/hmDa
2025-01-20,https://boxd.it/g23Pq
2025-01-20,https://boxd.it/CUWIK
2025-01-20,https://boxd.it/oNSF8
2025-01-20,https://boxd.it/4Yi2G
2025-01-20,https://boxd.it/l3YMg
2025-01-21,https://boxd.it/DbaH4
2025-01-21,https://boxd.it/D9JhQ
2025-01-21,https://boxd.it/D9Q6A
2025-01-21,https://boxd.it/CXcss
2025-01-21,https://boxd.it/C88HG
2025-01-21,https://boxd.it/CEmCO
2025-01-21,https://boxd.it/D7LJy
2025-01-22,https://boxd.it/BUfS4
2025-01-22,https://boxd.it/C9WHS
2025-01-22,https://boxd.it/BlLR8
2025-01-22,https://boxd.it/BlxCI
2025-01-24,https://boxd.it/rYObW
2025-01-24,https://boxd.it/Djn6Q
2025-01-24,https://boxd.it/DjdIg
2025-01-24,https://boxd.it/D9zSs
2025-01-24,https://boxd.it/DdXdc
2025-01-24,https://boxd.it/CyDDs
2025-01-24,https://boxd.it/CPPlE
2025-01-24,https://boxd.it/Ddiig
2025-01-24,https://boxd.it/DdDvg
2025-01-24,https://boxd.it/DcG96
2025-01-24,https://boxd.it/CPl5c
2025-01-24,https://boxd.it/Dc36i
2025-01-24,https://boxd.it/BlB0o
2025-01-24,https://boxd.it/C0W0w
2025-01-24,https://boxd.it/Cbnhu
2025-01-24,https://boxd.it/qjksi
2025-01-25,https://boxd.it/D6808
2025-01-25,https://boxd.it/DmubE
2025-01-27,https://boxd.it/4Wvwq
2025-01-27,https://boxd.it/kqSXu
2025-01-27,https://boxd.it/BgilM
2025-01-27,https://boxd.it/5HRbS
2025-01-27,https://boxd.it/DqHxm
2025-01-27,https://boxd.it/DluWo
2025-01-27,https://boxd.it/C0D5M
2025-01-27,https://boxd.it/DmkNe
2025-01-27,https://boxd.it/DnIMc
2025-01-27,https://boxd.it/DlFo8
2025-01-27,https://boxd.it/DnsQi
2025-01-27,https://boxd.it/Dmhcu
2025-01-27,https://boxd.it/CaBeC
2025-01-27,https://boxd.it/DjfvI
2025-01-27,https://boxd.it/Dsh14
2025-01-27,https://boxd.it/ji0pI
2025-01-27,https://boxd.it/DiT5y
2025-01-27,https://boxd.it/tEaCw
2025-01-27,https://boxd.it/wB12K
2025-01-28,https://boxd.it/D0wLq
2025-01-28,https://boxd.it/CblC6
2025-01-29,https://boxd.it/Dx60a
2025-01-29,https://boxd.it/xQxDs
2025-01-29,https://boxd.it/DxUNG
2025-01-29,https://boxd.it/CAcFA
2025-01-29,https://boxd.it/Dy9Fi
2025-01-30,https://boxd.it/DzK5S
2025-01-30,https://boxd.it/DnKGA
2025-01-30,https://boxd.it/D3gXQ
2025-01-30,https://boxd.it/D1epy
2025-01-30,https://boxd.it/D1oWW
2025-01-31,https://boxd.it/DyW2O
2025-01-31,https://boxd.it/DA3Q4
2025-01-31,https://boxd.it/zo1ei
2025-01-31,https://boxd.it/tWPbM
2025-01-31,https://boxd.it/webM8
2025-01-31,https://boxd.it/CtWNm
2025-01-31,https://boxd.it/32S1a
2025-01-31,https://boxd.it/D9SwA
2025-01-31,https://boxd.it/DAaFi
2025-02-01,https://boxd.it/DEeEm
2025-02-01,https://boxd.it/DF08e
2025-02-01,https://boxd.it/DDTbS
2025-02-01,https://boxd.it/D1O5a
2025-02-01,https://boxd.it/bWNpU
2025-02-01,https://boxd.it/aFZTk
2025-02-01,https://boxd.it/xx6US
2025-02-01,https://boxd.it/n7YcS
2025-02-01,https://boxd.it/3Sulk
2025-02-01,https://boxd.it/dXrWW
2025-02-01,https://boxd.it/DGaJw
2025-02-01,https://boxd.it/AUD4I
2025-02-01,https://boxd.it/DDsGY
2025-02-01,https://boxd.it/DFWrI
2025-02-01,https://boxd.it/BGQTU
2025-02-02,https://boxd.it/DHt3w
2025-02-02,https://boxd.it/BYm2s
2025-02-02,https://boxd.it/BuLsK
2025-02-02,https://boxd.it/C107G
2025-02-03,https://boxd.it/DHG64
2025-02-03,https://boxd.it/DgRR2
2025-02-04,https://boxd.it/3ELsO
2025-02-04,https://boxd.it/DMnCA
2025-02-04,https://boxd.it/DLADE
2025-02-05,https://boxd.it/98Kec
2025-02-05,https://boxd.it/4ErHy
2025-02-05,https://boxd.it/sAuBc
2025-02-06,https://boxd.it/DRJkS
2025-02-06,https://boxd.it/uf3ku
2025-02-06,https://boxd.it/xVRIs
2025-02-06,https://boxd.it/Dkswc
2025-02-06,https://boxd.it/jVkCU
2025-02-07,https://boxd.it/DT4NS
2025-02-07,https://boxd.it/spygq
2025-02-07,https://boxd.it/ucJAS
2025-02-07,https://boxd.it/DwQjU
2025-02-07,https://boxd.it/DTZLY
2025-02-07,https://boxd.it/Ctsvi
2025-02-08,https://boxd.it/Ccb2Y
2025-02-08,https://boxd.it/DRYpS
2025-02-08,https://boxd.it/DUFzg
2025-02-08,https://boxd.it/Cu0eK
2025-02-08,https://boxd.it/DVqbK
2025-02-08,https://boxd.it/AYn5e
2025-02-08,https://boxd.it/uoPyM
2025-02-09,https://boxd.it/zShP0
2025-02-09,https://boxd.it/1cos
2025-02-09,https://boxd.it/DY2GU
2025-02-09,https://boxd.it/rJ3nG
2025-02-11,https://boxd.it/hVO8
2025-02-11,https://boxd.it/iMt8
2025-02-11,https://boxd.it/dTKFW
2025-02-11,https://boxd.it/p8rcU
2025-02-11,https://boxd.it/zHBV6
2025-02-11,https://boxd.it/m0z6C
2025-02-11,https://boxd.it/h4Rt8
2025-02-11,https://boxd.it/P1Eu
2025-02-11,https://boxd.it/5DuYE
2025-02-11,https://boxd.it/dew2a
2025-02-11,https://boxd.it/b5Wh0
2025-02-11,https://boxd.it/DgWGI
2025-02-11,https://boxd.it/DVt4C
2025-02-11,https://boxd.it/DN2JC
2025-02-11,https://boxd.it/DZj1c
2025-02-11,https://boxd.it/E25YK
2025-02-11,https://boxd.it/Ci1RE
2025-02-12,https://boxd.it/DIRKc
2025-02-12,https://boxd.it/E2YSC
2025-02-12,https://boxd.it/BAh2O
2025-02-12,https://boxd.it/DVLy6
2025-02-12,https://boxd.it/AUrDm
2025-02-12,https://boxd.it/DHusC
2025-02-12,https://boxd.it/5cuQc
2025-02-12,https://boxd.it/mMcsG
2025-02-12,https://boxd.it/mQtzM
2025-02-12,https://boxd.it/E4cva
2025-02-12,https://boxd.it/BmiuQ
2025-02-13,https://boxd.it/MF5o
2025-02-13,https://boxd.it/E669m
2025-02-14,https://boxd.it/lY28Q
2025-02-14,https://boxd.it/CfTog
2025-02-14,https://boxd.it/xMqNM
2025-02-14,https://boxd.it/v5VSk
2025-02-15,https://boxd.it/gz1A0
2025-02-15,https://boxd.it/DEzJC
2025-02-15,https://boxd.it/BlqJW
2025-02-15,https://boxd.it/D8IGS
2025-02-15,https://boxd.it/rHuXC
2025-02-15,https://boxd.it/E5f9I
2025-02-15,https://boxd.it/oy1ba
2025-02-17,https://boxd.it/E9gC0
2025-02-17,https://boxd.it/zINgc
2025-02-17,https://boxd.it/uLU2i
2025-02-17,https://boxd.it/ql1tA
2025-02-17,https://boxd.it/Ee9H8
2025-02-17,https://boxd.it/Eb8Ka
2025-02-18,https://boxd.it/tSQ24
2025-02-18,https://boxd.it/D2Dj8
2025-02-18,https://boxd.it/zjdZK
2025-02-18,https://boxd.it/DJrn4
2025-02-18,https://boxd.it/DKJYa
2025-02-18,https://boxd.it/1ibjk
2025-02-18,https://boxd.it/shHy
2025-02-18,https://boxd.it/4g5tw
2025-02-19,https://boxd.it/E6rMk
2025-02-19,https://boxd.it/1w98C
2025-02-19,https://boxd.it/oFSEe
2025-02-19,https://boxd.it/jVlm4
2025-02-19,https://boxd.it/ok3cw
2025-02-19,https://boxd.it/1lzHG
2025-02-19,https://boxd.it/dM1Gm
2025-02-19,https://boxd.it/EiUNg
2025-02-19,https://boxd.it/Ehrsc
2025-02-19,https://boxd.it/DU0LK
2025-02-19,https://boxd.it/EagJM
2025-02-19,https://boxd.it/EeQ4e
2025-02-19,https://boxd.it/Ecjde
2025-02-20,https://boxd.it/CwD5c
2025-02-20,https://boxd.it/CEwwm
2025-02-20,https://boxd.it/B8XN2
2025-02-21,https://boxd.it/BZToy
2025-02-21,https://boxd.it/DrG6w
2025-02-21,https://boxd.it/ap8ec
2025-02-21,https://boxd.it/DxJlQ
2025-02-21,https://boxd.it/DPDeK
2025-02-21,https://boxd.it/COU8o
2025-02-21,https://boxd.it/DIE1I
2025-02-21,https://boxd.it/xQydA
2025-02-21,https://boxd.it/2Qq4Q
2025-02-22,https://boxd.it/EmS6C
2025-02-22,https://boxd.it/ElQ2w
2025-02-22,https://boxd.it/m4REg
2025-02-22,https://boxd.it/pGiqG
2025-02-22,https://boxd.it/ggLOO
2025-02-22,https://boxd.it/smkyO
2025-02-22,https://boxd.it/mnJsY
2025-02-22,https://boxd.it/h9rZM
2025-02-22,https://boxd.it/EgIiQ
2025-02-23,https://boxd.it/4Yi14
2025-02-23,https://boxd.it/Eqi0m
2025-02-23,https://boxd.it/p81y6
2025-02-23,https://boxd.it/4WxFu
2025-02-24,https://boxd.it/D4jP8
2025-02-24,https://boxd.it/C2dCa
2025-02-24,https://boxd.it/D56Te
2025-02-24,https://boxd.it/ErJgI
2025-02-24,https://boxd.it/BF1y0
2025-02-24,https://boxd.it/EaKiw
2025-02-24,https://boxd.it/EoQEG
2025-02-24,https://boxd.it/CEaQO
2025-02-24,https://boxd.it/E5IhQ
2025-02-24,https://boxd.it/Dvwyo
2025-02-25,https://boxd.it/Eu8cK
2025-02-25,https://boxd.it/DjUSS
2025-02-25,https://boxd.it/EskXk
2025-02-26,https://boxd.it/rEq0g
2025-02-26,https://boxd.it/Evk54
2025-02-26,https://boxd.it/ydlFM
2025-02-26,https://boxd.it/BVxu2
2025-02-26,https://boxd.it/EuXyi
2025-02-26,https://boxd.it/EtBQs
2025-02-27,https://boxd.it/ExobY
2025-02-28,https://boxd.it/fOfvY
2025-02-28,https://boxd.it/i3RG4
2025-02-28,https://boxd.it/omot8
2025-02-28,https://boxd.it/C031a
2025-03-01,https://boxd.it/xbWmY
2025-03-01,https://boxd.it/kvcHE
2025-03-01,https://boxd.it/DjBY8
2025-03-01,https://boxd.it/BCukg
2025-03-01,https://boxd.it/CHFMk
2025-03-01,https://boxd.it/BlJc8
2025-03-01,https://boxd.it/BxPQM
2025-03-01,https://boxd.it/sImrE
2025-03-01,https://boxd.it/Dl5Nm
2025-03-01,https://boxd.it/EAPSw
2025-03-01,https://boxd.it/rnQlq
2025-03-01,https://boxd.it/g4Hfc
2025-03-01,https://boxd.it/s55Aw
2025-03-01,https://boxd.it/tBopA
2025-03-01,https://boxd.it/qSGKe
2025-03-01,https://boxd.it/DsYru
2025-03-01,https://boxd.it/tVcKc
2025-03-01,https://boxd.it/l1SYc
2025-03-01,https://boxd.it/CPve4
2025-03-01,https://boxd.it/Dozw2
2025-03-01,https://boxd.it/5BgDy
2025-03-01,https://boxd.it/tkglw
2025-03-01,https://boxd.it/fx5Wm
2025-03-02,https://boxd.it/BdZxA
2025-03-03,https://boxd.it/eZvIW
2025-03-03,https://boxd.it/icruY
2025-03-03,https://boxd.it/E1GTK
2025-03-04,https://boxd.it/EoUCE
2025-03-04,https://boxd.it/44KvE
2025-03-04,https://boxd.it/3M2sq
2025-03-04,https://boxd.it/xMzYk
2025-03-04,https://boxd.it/Ckrqy
2025-03-05,https://boxd.it/BgUfi
2025-03-05,https://boxd.it/4xRY2
2025-03-06,https://boxd.it/b29Xq
2025-03-06,https://boxd.it/mqNDs
2025-03-06,https://boxd.it/z4CU6
2025-03-07,https://boxd.it/n2NSy
2025-03-07,https://boxd.it/CuRAO
2025-03-08,https://boxd.it/1H1jY
2025-03-08,https://boxd.it/akiio
2025-03-08,https://boxd.it/fda16
2025-03-08,https://boxd.it/5c3Ba
2025-03-08,https://boxd.it/D1qTA
2025-03-09,https://boxd.it/Tn5k
2025-03-09,https://boxd.it/PfZ2
2025-03-09,https://boxd.it/EU7Gm
2025-03-09,https://boxd.it/EHaRw
2025-03-09,https://boxd.it/ED4Gu
2025-03-10,https://boxd.it/EU8cM
2025-03-10,https://boxd.it/976Nu
2025-03-11,https://boxd.it/ED7xg
2025-03-11,https://boxd.it/kTf7M
2025-03-12,https://boxd.it/D09w8
2025-03-12,https://boxd.it/DnmUo
2025-03-12,https://boxd.it/EWMjW
2025-03-12,https://boxd.it/EbGyW
2025-03-12,https://boxd.it/EMxfq
2025-03-12,https://boxd.it/sDDDC
2025-03-12,https://boxd.it/orFZK
2025-03-12,https://boxd.it/EZfkS
2025-03-13,https://boxd.it/F1bpS
2025-03-13,https://boxd.it/kRrpu
2025-03-13,https://boxd.it/jhBAG
2025-03-13,https://boxd.it/m12N6
2025-03-13,https://boxd.it/i9WMo
2025-03-13,https://boxd.it/g2AWO
2025-03-13,https://boxd.it/lKZXK
2025-03-14,https://boxd.it/xBLku
2025-03-14,https://boxd.it/BhOlc
2025-03-14,https://boxd.it/mHhcI
2025-03-14,https://boxd.it/BYAsO
2025-03-14,https://boxd.it/A53ha
2025-03-14,https://boxd.it/u7gw8
2025-03-14,https://boxd.it/F1WWu
2025-03-14,https://boxd.it/F1WOU
2025-03-15,https://boxd.it/nrWhm
2025-03-15,https://boxd.it/b0yLq
2025-03-16,https://boxd.it/BfP6I
2025-03-16,https://boxd.it/EZvOO
2025-03-16,https://boxd.it/qSxGM
2025-03-17,https://boxd.it/uXttK
2025-03-17,https://boxd.it/oYJxc
2025-03-17,https://boxd.it/2TWtY
2025-03-17,https://boxd.it/7tCeW
2025-03-17,https://boxd.it/l41zO
2025-03-18,https://boxd.it/yUy7a
2025-03-18,https://boxd.it/F8C8e
2025-03-18,https://boxd.it/BoPpo
2025-03-18,https://boxd.it/BlMjG
2025-03-18,https://boxd.it/C7RpU
2025-03-18,https://boxd.it/ENlZI
2025-03-19,https://boxd.it/FdB8i
2025-03-19,https://boxd.it/9508Q
2025-03-19,https://boxd.it/bGqcm
2025-03-20,https://boxd.it/EKC0G
2025-03-20,https://boxd.it/DAbEg
2025-03-20,https://boxd.it/kejd8
2025-03-21,https://boxd.it/qJKAu
2025-03-21,https://boxd.it/hDkQo
2025-03-21,https://boxd.it/qnHCI
2025-03-21,https://boxd.it/n9nBA
2025-03-21,https://boxd.it/CIjAI
2025-03-21,https://boxd.it/E76u2
2025-03-21,https://boxd.it/FgnM0
2025-03-21,https://boxd.it/FeH5w
2025-03-22,https://boxd.it/EYTg0
2025-03-22,https://boxd.it/FiHZs
2025-03-22,https://boxd.it/Fg9fc
2025-03-22,https://boxd.it/FgRAI
2025-03-22,https://boxd.it/FiIfK
2025-03-23,https://boxd.it/30xwW
2025-03-23,https://boxd.it/m8dhO
2025-03-23,https://boxd.it/kKF0Y
2025-03-24,https://boxd.it/ns0tw
2025-03-24,https://boxd.it/2UGU2
2025-03-24,https://boxd.it/Fik6u
2025-03-25,https://boxd.it/3HZiE
2025-03-25,https://boxd.it/P1Co
2025-03-26,https://boxd.it/AA5fs
2025-03-26,https://boxd.it/Fqefc
2025-03-27,https://boxd.it/FridQ
2025-03-27,https://boxd.it/EkqpM
2025-03-27,https://boxd.it/DexNA
2025-03-27,https://boxd.it/CztVS
2025-03-27,https://boxd.it/DV0GW
2025-03-28,https://boxd.it/FuieA
2025-03-28,https://boxd.it/x798g
2025-03-28,https://boxd.it/EcuVc
2025-03-30,https://boxd.it/FnjI8
2025-03-30,https://boxd.it/Fwpbs
2025-03-30,https://boxd.it/FuY98
2025-03-30,https://boxd.it/2edX8
2025-03-30,https://boxd.it/FxncK
2025-03-31,https://boxd.it/nmjuG
2025-03-31,https://boxd.it/jHueq
2025-03-31,https://boxd.it/8EHRK
2025-03-31,https://boxd.it/2iWgc
2025-04-01,https://boxd.it/Fxbu8
2025-04-01,https://boxd.it/FzcDE
2025-04-01,https://boxd.it/FAXTw
2025-04-02,https://boxd.it/FBLBM
2025-04-02,https://boxd.it/CEWJ2
2025-04-02,https://boxd.it/Fpxhu
2025-04-02,https://boxd.it/iRuZC
2025-04-03,https://boxd.it/EmbUO
2025-04-03,https://boxd.it/14UUi
2025-04-03,https://boxd.it/CMGNy
2025-04-04,https://boxd.it/EiMcG
2025-04-04,https://boxd.it/cunYM
2025-04-04,https://boxd.it/koHIY
2025-04-04,https://boxd.it/c70x8
2025-04-04,https://boxd.it/96Gjo
2025-04-04,https://boxd.it/C1C4g
2025-04-04,https://boxd.it/D3FZW
2025-04-04,https://boxd.it/hM3C
2025-04-04,https://boxd.it/lITC
2025-04-04,https://boxd.it/Dkq1G
2025-04-04,https://boxd.it/DjT98
2025-04-04,https://boxd.it/rUXwQ
2025-04-04,https://boxd.it/DjG4Y
2025-04-04,https://boxd.it/FEyoQ
2025-04-05,https://boxd.it/DhJla
2025-04-05,https://boxd.it/D4Gg6
2025-04-05,https://boxd.it/4ThDc
2025-04-05,https://boxd.it/8YxdU
2025-04-05,https://boxd.it/bzCx8
2025-04-06,https://boxd.it/iKfqI
2025-04-06,https://boxd.it/E8htw
2025-04-08,https://boxd.it/nl7Xk
2025-04-08,https://boxd.it/CZ7r4
2025-04-09,https://boxd.it/x00Q0
2025-04-09,https://boxd.it/FAz2S
2025-04-09,https://boxd.it/AppNi
2025-04-09,https://boxd.it/FNfRM
2025-04-09,https://boxd.it/FOaSi
2025-04-09,https://boxd.it/Ff24a
2025-04-10,https://boxd.it/EYflE
2025-04-10,https://boxd.it/CMvAo
2025-04-10,https://boxd.it/D0Cv4
2025-04-10,https://boxd.it/EbQsa
2025-04-10,https://boxd.it/CZnT4
2025-04-11,https://boxd.it/Bobss
2025-04-11,https://boxd.it/wyC8k
2025-04-11,https://boxd.it/FS08i
2025-04-12,https://boxd.it/FRxMo
2025-04-12,https://boxd.it/kytG0
2025-04-12,https://boxd.it/CkqOY
2025-04-12,https://boxd.it/c73Xe
2025-04-12,https://boxd.it/FSs0c
2025-04-12,https://boxd.it/FLNQY
2025-04-12,https://boxd.it/EMKRW
2025-04-12,https://boxd.it/FP00M
2025-04-12,https://boxd.it/FUlwY
2025-04-12,https://boxd.it/FBWQI
2025-04-12,https://boxd.it/uElxm
2025-04-12,https://boxd.it/FQNss
2025-04-13,https://boxd.it/FVZLc
2025-04-13,https://boxd.it/FV4Fm
2025-04-13,https://boxd.it/tAYEE
2025-04-13,https://boxd.it/5lFFs
2025-04-14,https://boxd.it/FXJyA
2025-04-14,https://boxd.it/DpsV2
2025-04-15,https://boxd.it/F2yvm
2025-04-15,https://boxd.it/G0dmI
2025-04-15,https://boxd.it/FVA14
2025-04-15,https://boxd.it/5Kn1E
2025-04-15,https://boxd.it/FxXjs
2025-04-16,https://boxd.it/n3kt2
2025-04-16,https://boxd.it/2qhG0
2025-04-17,https://boxd.it/FENlW
2025-04-17,https://boxd.it/vGMbg
2025-04-17,https://boxd.it/8Bfqg
2025-04-17,https://boxd.it/d84eg
2025-04-17,https://boxd.it/v5LZq
2025-04-17,https://boxd.it/G45EC
2025-04-18,https://boxd.it/4vqg4
2025-04-18,https://boxd.it/dpb3o
2025-04-18,https://boxd.it/2uYDm
2025-04-18,https://boxd.it/bTwyk
2025-04-19,https://boxd.it/G7zJe
2025-04-19,https://boxd.it/Fujo2
2025-04-19,https://boxd.it/c1bfM
2025-04-19,https://boxd.it/FXAoc
2025-04-20,https://boxd.it/GaS8s
2025-04-21,https://boxd.it/cen4C
2025-04-21,https://boxd.it/cfvik
2025-04-22,https://boxd.it/ehXI8
2025-04-22,https://boxd.it/fqBdk
2025-04-22,https://boxd.it/1WdEE
2025-04-22,https://boxd.it/10SO0
2025-04-22,https://boxd.it/1UTUU
2025-04-22,https://boxd.it/txpBY
2025-04-22,https://boxd.it/u6HsU
2025-04-22,https://boxd.it/vDGqI
2025-04-22,https://boxd.it/EjO0a
2025-04-22,https://boxd.it/DvCH2
2025-04-22,https://boxd.it/GgSzK
2025-04-22,https://boxd.it/GdvPO
2025-04-22,https://boxd.it/GeMt8
2025-04-22,https://boxd.it/GhI9a
2025-04-23,https://boxd.it/GhTB0
2025-04-24,https://boxd.it/zYC1s
2025-04-25,https://boxd.it/2CJCY
2025-04-25,https://boxd.it/FKRSM
2025-04-25,https://boxd.it/8joe
2025-04-26,https://boxd.it/ETwtq
2025-04-26,https://boxd.it/GhRz2
2025-04-26,https://boxd.it/iWqna
2025-04-26,https://boxd.it/18CYa
2025-04-26,https://boxd.it/mmeOW
2025-04-27,https://boxd.it/GpBFa
2025-04-27,https://boxd.it/GpBBC
2025-04-28,https://boxd.it/CmDhW
2025-04-28,https://boxd.it/EDSLY
2025-04-28,https://boxd.it/Dazju
2025-04-29,https://boxd.it/FW44s
2025-04-29,https://boxd.it/GuJ0E
2025-04-29,https://boxd.it/GrW5w
2025-04-30,https://boxd.it/ByVYE
2025-04-30,https://boxd.it/EqpWs
2025-05-01,https://boxd.it/GzZxY
2025-05-02,https://boxd.it/lnFeu
2025-05-02,https://boxd.it/vm3Gy
2025-05-02,https://boxd.it/Fdhck
2025-05-03,https://boxd.it/Dn92S
2025-05-03,https://boxd.it/qGuI2
2025-05-04,https://boxd.it/gHpjo
2025-05-05,https://boxd.it/bwhvO
2025-05-05,https://boxd.it/2g3xe
2025-05-05,https://boxd.it/hjq6G
2025-05-05,https://boxd.it/Dx1gM
2025-05-06,https://boxd.it/GtQn4
2025-05-07,https://boxd.it/vieNC
2025-05-07,https://boxd.it/GJF6y
2025-05-07,https://boxd.it/yacYu
2025-05-07,https://boxd.it/FDhiO
2025-05-08,https://boxd.it/GLlz0
2025-05-08,https://boxd.it/v0WVu
2025-05-09,https://boxd.it/Cc4Yc
2025-05-09,https://boxd.it/i97Lk
2025-05-09,https://boxd.it/Et98W
2025-05-10,https://boxd.it/gPh6
2025-05-10,https://boxd.it/8CloM
2025-05-10,https://boxd.it/vOQzs
2025-05-10,https://boxd.it/GSqjg
2025-05-10,https://boxd.it/GSz7S
2025-05-11,https://boxd.it/GTWyO
2025-05-12,https://boxd.it/EQ7Ts
2025-05-12,https://boxd.it/FStks
2025-05-12,https://boxd.it/FyLKS
2025-05-12,https://boxd.it/28sES
2025-05-12,https://boxd.it/cgZwe
2025-05-12,https://boxd.it/GWmou
2025-05-12,https://boxd.it/G5r2i
2025-05-13,https://boxd.it/E4IqG
2025-05-13,https://boxd.it/GXp8c
2025-05-13,https://boxd.it/GKI4W
2025-05-13,https://boxd.it/GX5FK
2025-05-13,https://boxd.it/Bg2UQ
2025-05-13,https://boxd.it/GMG3c
2025-05-13,https://boxd.it/AiXMY
2025-05-13,https://boxd.it/lRF6A
2025-05-13,https://boxd.it/GXKwO
2025-05-13,https://boxd.it/nfLna
2025-05-13,https://boxd.it/GfChS
2025-05-14,https://boxd.it/8UQNu
2025-05-14,https://boxd.it/FN2M0
2025-05-14,https://boxd.it/FC6Hw
2025-05-14,https://boxd.it/bPXsq
2025-05-14,https://boxd.it/Crwom
2025-05-15,https://boxd.it/iKBxG
2025-05-15,https://boxd.it/G4wau
2025-05-16,https://boxd.it/H1NVK
2025-05-16,https://boxd.it/D3tYC
2025-05-16,https://boxd.it/H2EoO
2025-05-19,https://boxd.it/uejUm
2025-05-21,https://boxd.it/pIViA
2025-05-23,https://boxd.it/qyTyg
2025-05-23,https://boxd.it/HdRjE
2025-05-23,https://boxd.it/H9x7A
2025-05-23,https://boxd.it/BUOVs
2025-05-23,https://boxd.it/He1bq
2025-05-23,https://boxd.it/xPSLg
2025-05-23,https://boxd.it/H3f7g
2025-05-23,https://boxd.it/FF9xA
2025-05-23,https://boxd.it/HaftK
2025-05-24,https://boxd.it/GznUA
2025-05-24,https://boxd.it/FrNMM
2025-05-24,https://boxd.it/GMaWa
2025-05-25,https://boxd.it/HfXyY
2025-05-26,https://boxd.it/bNOLO
2025-05-27,https://boxd.it/eF5vC
2025-05-27,https://boxd.it/fagre
2025-05-28,https://boxd.it/E0HSm
2025-05-28,https://boxd.it/FFtVi
2025-05-28,https://boxd.it/GZPtk
2025-05-29,https://boxd.it/v0lDS
2025-05-29,https://boxd.it/q3tDC
2025-05-30,https://boxd.it/1s1Bo
2025-06-01,https://boxd.it/4Tchq
2025-06-01,https://boxd.it/cp05Y
2025-06-04,https://boxd.it/HzJWC
2025-06-05,https://boxd.it/HzOJI
2025-06-05,https://boxd.it/Bg1Vy
2025-06-05,https://boxd.it/GMMrY
2025-06-05,https://boxd.it/HjSLc
2025-06-05,https://boxd.it/Hx9Ee
2025-06-05,https://boxd.it/Br8HU
2025-06-05,https://boxd.it/HxvBm
2025-06-05,https://boxd.it/HlNdI
2025-06-05,https://boxd.it/pw2XY
2025-06-06,https://boxd.it/HD4oC
2025-06-07,https://boxd.it/HquCk
2025-06-07,https://boxd.it/CoOmC
2025-06-08,https://boxd.it/g6G3o
2025-06-08,https://boxd.it/GzFmG
2025-06-08,https://boxd.it/HH6FI
2025-06-08,https://boxd.it/Czr0A
2025-06-08,https://boxd.it/AQSv2
2025-06-08,https://boxd.it/HrHZy
2025-06-09,https://boxd.it/20GJm
2025-06-09,https://boxd.it/h8EPy
2025-06-09,https://boxd.it/w4KcO
2025-06-09,https://boxd.it/b7cPk
2025-06-09,https://boxd.it/HIYZu
2025-06-09,https://boxd.it/2Knyc
2025-06-09,https://boxd.it/kGh8w
2025-06-10,https://boxd.it/HKZpw
2025-06-13,https://boxd.it/DgHIE
2025-06-13,https://boxd.it/tz7Tk
2025-06-13,https://boxd.it/fHH1I
2025-06-13,https://boxd.it/CUsfI
2025-06-13,https://boxd.it/Dn2yM
2025-06-13,https://boxd.it/CUd5I
2025-06-14,https://boxd.it/hXc8y
2025-06-14,https://boxd.it/uJSSi
2025-06-15,https://boxd.it/GBDZ6
2025-06-15,https://boxd.it/q3oZo
2025-06-15,https://boxd.it/4Wv6W
2025-06-15,https://boxd.it/DfPnC
2025-06-15,https://boxd.it/jmFKK
2025-06-15,https://boxd.it/HL5WG
2025-06-16,https://boxd.it/FQJF8
2025-06-16,https://boxd.it/HnWRQ
2025-06-16,https://boxd.it/30KqM
2025-06-16,https://boxd.it/DQ3Tk
2025-06-17,https://boxd.it/HYRTw
2025-06-18,https://boxd.it/z4Jqs
2025-06-19,https://boxd.it/HVr2K
2025-06-19,https://boxd.it/HWuzO
2025-06-19,https://boxd.it/Dntpi
2025-06-19,https://boxd.it/I0maE
2025-06-19,https://boxd.it/F3RGg
2025-06-19,https://boxd.it/I0BWe
2025-06-19,https://boxd.it/HFLHc
2025-06-22,https://boxd.it/HSmcY
2025-06-22,https://boxd.it/4rHKM
2025-06-22,https://boxd.it/gJErQ
2025-06-22,https://boxd.it/bR0A0
2025-06-23,https://boxd.it/bj44E
2025-06-23,https://boxd.it/I7gT8
2025-06-24,https://boxd.it/dkY4K
2025-06-25,https://boxd.it/boQpg
2025-06-25,https://boxd.it/ucUxA
2025-06-25,https://boxd.it/dV5OM
2025-06-25,https://boxd.it/pF9fW
2025-06-25,https://boxd.it/oTQb8
2025-06-25,https://boxd.it/iuTpy
2025-06-25,https://boxd.it/pVL0M
2025-06-25,https://boxd.it/GbGTo
2025-06-27,https://boxd.it/zv57a
2025-06-28,https://boxd.it/1KDz2
2025-06-30,https://boxd.it/uPSNk
2025-06-30,https://boxd.it/FFHfK
2025-06-30,https://boxd.it/FQvi0
2025-06-30,https://boxd.it/pKqQK
2025-07-03,https://boxd.it/JYvfM
2025-07-04,https://boxd.it/HOQHk
2025-07-04,https://boxd.it/A1CdE
2025-07-05,https://boxd.it/8JPkk
2025-07-05,https://boxd.it/DKIEe
2025-07-06,https://boxd.it/IfzKq
2025-07-06,https://boxd.it/KjLia
2025-07-06,https://boxd.it/aU3DS
2025-07-07,https://boxd.it/DyWqw
2025-07-07,https://boxd.it/Kr1uK
2025-07-07,https://boxd.it/vVcHg
2025-07-07,https://boxd.it/DqBK0
2025-07-08,https://boxd.it/xzVBm
2025-07-08,https://boxd.it/BgFBI
2025-07-08,https://boxd.it/I1XLY
2025-07-08,https://boxd.it/IhV3s
2025-07-08,https://boxd.it/IcfnU
2025-07-08,https://boxd.it/FJE9M
2025-07-08,https://boxd.it/JsWoM
2025-07-08,https://boxd.it/JAHXo
2025-07-08,https://boxd.it/K0EEK
2025-07-08,https://boxd.it/K2SiC
2025-07-08,https://boxd.it/Kpk6y
2025-07-08,https://boxd.it/q6Tyu
2025-07-08,https://boxd.it/HV4Iy
2025-07-08,https://boxd.it/xNYXo
2025-07-08,https://boxd.it/JqOMM
2025-07-08,https://boxd.it/uoUnu
2025-07-08,https://boxd.it/zlGmG
2025-07-08,https://boxd.it/CJpWC
2025-07-09,https://boxd.it/DUiEs
2025-07-09,https://boxd.it/ycQru
2025-07-09,https://boxd.it/Kycei
2025-07-09,https://boxd.it/idSlc
2025-07-10,https://boxd.it/oGSAS
2025-07-10,https://boxd.it/KBeUm
2025-07-10,https://boxd.it/bWB3s
2025-07-11,https://boxd.it/H1hz8
2025-07-11,https://boxd.it/5kSxY
2025-07-11,https://boxd.it/5kHoc
2025-07-11,https://boxd.it/5kHUs
2025-07-11,https://boxd.it/qgCxE
2025-07-11,https://boxd.it/4T8QG
2025-07-11,https://boxd.it/4l9Je
2025-07-11,https://boxd.it/EaN4
2025-07-11,https://boxd.it/ng4QK
2025-07-11,https://boxd.it/ASW5c
2025-07-11,https://boxd.it/g1eGC
2025-07-11,https://boxd.it/A6Xiq
2025-07-11,https://boxd.it/F7dvA
2025-07-11,https://boxd.it/hwUSw
2025-07-11,https://boxd.it/iAd2E
2025-07-13,https://boxd.it/EYiDQ
2025-07-14,https://boxd.it/1FRRk
2025-07-14,https://boxd.it/mRtg
2025-07-15,https://boxd.it/KKhlM
2025-07-15,https://boxd.it/BfGJm
2025-07-17,https://boxd.it/L0JfY
2025-07-18,https://boxd.it/L5iTs
2025-07-18,https://boxd.it/L5K1e
2025-07-18,https://boxd.it/K0274
2025-07-18,https://boxd.it/mliO0
2025-07-19,https://boxd.it/iilhQ
2025-07-19,https://boxd.it/I6BKE
2025-07-20,https://boxd.it/LkjlQ
2025-07-20,https://boxd.it/Lftz4
2025-07-20,https://boxd.it/j9tyw
2025-07-20,https://boxd.it/c1nqi
2025-07-20,https://boxd.it/F6S9o
2025-07-20,https://boxd.it/dVIWA
2025-07-21,https://boxd.it/KCM2A
2025-07-22,https://boxd.it/L1QJS
2025-07-22,https://boxd.it/BfOb8
2025-07-22,https://boxd.it/L1pAE
2025-07-22,https://boxd.it/BrATY
2025-07-23,https://boxd.it/zcjm6
2025-07-23,https://boxd.it/pK0kI
2025-07-23,https://boxd.it/FgoOm
2025-07-23,https://boxd.it/E3poY
2025-07-24,https://boxd.it/C13po
2025-07-24,https://boxd.it/7j9Vs
2025-07-24,https://boxd.it/7zEkk
2025-07-24,https://boxd.it/aSjfo
2025-07-24,https://boxd.it/dk2Ra
2025-07-24,https://boxd.it/Cu5Zc
2025-07-25,https://boxd.it/GMfT6
2025-07-28,https://boxd.it/uOnMe
2025-07-28,https://boxd.it/BNIKk
2025-07-28,https://boxd.it/roFSq
2025-07-28,https://boxd.it/4Ur7M
2025-07-28,https://boxd.it/GVSdm
2025-07-30,https://boxd.it/HB558
2025-07-31,https://boxd.it/BfFn0
2025-07-31,https://boxd.it/MuRzG
2025-08-01,https://boxd.it/FUNoy
2025-08-01,https://boxd.it/4OK8
2025-08-01,https://boxd.it/vuJmc
2025-08-01,https://boxd.it/c7a4g
2025-08-01,https://boxd.it/Ifg4g
2025-08-01,https://boxd.it/gbyCq
2025-08-02,https://boxd.it/ocLXK
2025-08-02,https://boxd.it/x6bee
2025-08-02,https://boxd.it/prxCs
2025-08-02,https://boxd.it/kYfi6
2025-08-02,https://boxd.it/swlJo
2025-08-02,https://boxd.it/upLrk
2025-08-03,https://boxd.it/BHQIk
2025-08-04,https://boxd.it/eLaty
2025-08-04,https://boxd.it/48wh2
2025-08-04,https://boxd.it/EqQWY
2025-08-06,https://boxd.it/MQRhw
2025-08-07,https://boxd.it/IWIO
2025-08-07,https://boxd.it/BU9LG
2025-08-07,https://boxd.it/MZ6kw
2025-08-07,https://boxd.it/N6NPm
2025-08-08,https://boxd.it/4Z5K
2025-08-08,https://boxd.it/1xx9G
2025-08-08,https://boxd.it/I8w3Y
2025-08-08,https://boxd.it/FpGmS
2025-08-08,https://boxd.it/D7dj2
2025-08-08,https://boxd.it/iZBDk
2025-08-08,https://boxd.it/ycHI2
2025-08-08,https://boxd.it/GlYSy
2025-08-09,https://boxd.it/BgytC
2025-08-09,https://boxd.it/Nc7CM
2025-08-10,https://boxd.it/DSrB4
2025-08-10,https://boxd.it/54QCq
2025-08-10,https://boxd.it/kuoNs
2025-08-10,https://boxd.it/QDC4
2025-08-12,https://boxd.it/EIw2i
2025-08-12,https://boxd.it/d8IC
2025-08-13,https://boxd.it/Nl4LY
2025-08-13,https://boxd.it/DKiLI
2025-08-13,https://boxd.it/KwWE
2025-08-13,https://boxd.it/NmZFK
2025-08-14,https://boxd.it/NnpBE
2025-08-14,https://boxd.it/5F0QO
2025-08-14,https://boxd.it/N6A9s
2025-08-14,https://boxd.it/zlJsC
2025-08-14,https://boxd.it/rN44o
2025-08-14,https://boxd.it/fWOzW
2025-08-14,https://boxd.it/EwxBO
2025-08-14,https://boxd.it/4cFnm
2025-08-15,https://boxd.it/yJlr0
2025-08-16,https://boxd.it/zO0s6
2025-08-16,https://boxd.it/HCbNW
2025-08-16,https://boxd.it/GHdk4
2025-08-16,https://boxd.it/wiJX8
2025-08-18,https://boxd.it/AET06
2025-08-18,https://boxd.it/jCRMK
2025-08-19,https://boxd.it/sq2e0
2025-08-19,https://boxd.it/L4MYA
2025-08-20,https://boxd.it/BR8FQ
2025-08-21,https://boxd.it/MjX7G
2025-08-22,https://boxd.it/Fh7lu
2025-08-23,https://boxd.it/qPqq2
2025-08-23,https://boxd.it/EfKRQ
2025-08-24,https://boxd.it/4p5Be
2025-08-24,https://boxd.it/NvZRa
2025-08-25,https://boxd.it/5Kx3U
2025-08-25,https://boxd.it/L2NbU
2025-08-26,https://boxd.it/G1ZBe
2025-08-27,https://boxd.it/mPv1g
2025-08-27,https://boxd.it/hVsWg
2025-08-27,https://boxd.it/xGqGa
2025-08-27,https://boxd.it/kx6uo
2025-08-27,https://boxd.it/8SQ3C
2025-08-27,https://boxd.it/cx16E
2025-08-27,https://boxd.it/O3fbq
2025-08-27,https://boxd.it/O0GPG
2025-08-27,https://boxd.it/jWyOW
2025-08-28,https://boxd.it/H7qrE
2025-08-28,https://boxd.it/toiCi
2025-08-28,https://boxd.it/EHEgq
2025-08-28,https://boxd.it/hN81S
2025-08-28,https://boxd.it/xYFZi
2025-08-28,https://boxd.it/gwou4
2025-08-28,https://boxd.it/4MSz8
2025-08-28,https://boxd.it/st6zC
2025-08-28,https://boxd.it/ENgXW
2025-08-28,https://boxd.it/snwqE
2025-08-28,https://boxd.it/sECFk
2025-08-28,https://boxd.it/sEDKU
2025-08-28,https://boxd.it/tEpIk
2025-08-28,https://boxd.it/CLgwk
2025-08-28,https://boxd.it/NOGgM
2025-08-28,https://boxd.it/BmpKG
2025-08-30,https://boxd.it/KjhqS
2025-08-30,https://boxd.it/NV8E0
2025-08-31,https://boxd.it/15uiE
2025-09-01,https://boxd.it/1FQOE
2025-09-01,https://boxd.it/Of0Gi
2025-09-01,https://boxd.it/eRZIQ
